delay	freq	condition	thisN	thisTrialN	thisRepN	key_resp.keys	key_resp.rt	key_resp.duration	textbox.text	button.numClicks	button.timesOn	button.timesOff	trials.thisRepN	trials.thisTrialN	trials.thisN	trials.thisIndex	thisRow.t	notes	trial.started	polygon.started	polygon_2.started	key_resp.started	polygon.stopped	trial.stopped	trials.key_resp.keys	trials.key_resp.rt	trials.key_resp.duration	beep.started	sound_1.started	sound_1.stopped	beep.stopped	response.started	text.started	textbox.started	button.started	response.stopped	trials.textbox.text	trials.button.numClicks	trials.button.timesOn	trials.button.timesOff	participant	session	date	expName	expVersion	psychopyVersion	frameRate	expStart
0.4	1000	exp	0	0	0	space	0.4631367	None	300	1	[5.644361899991054]	[5.644380700003239]	0	0	0	4	0.0212913		0.0186015	0.0212913	1.0134341	1.0134341	1.0298729	1.4978748	space	0.4631367	None	1.4988353	1.913361467	2.2364317	2.2126759	2.2140405	2.2364317	2.2364317	2.2364317	7.8814022	300	1	[5.644361899991054]	[5.644380700003239]	3	1	2025-11-13_19h09.40.854	intentional-binding		2025.1.1	60.07102798	2025-11-13 19h10.01.027071 +0530
0.7	400	unexp	1	1	0	space	0.2234349	None	300	1	[5.024633099994389]	[5.0246554000041215]	0	1	1	2	7.8962735		7.8817275	7.8962735	8.8965608	8.8965608	8.8965608	9.1305037	space	0.2234349	None	9.1316302	9.829674467	10.1405498	10.1271127	10.1276928	10.1405498	10.1405498	10.1405498	15.165783	300	1	[5.024633099994389]	[5.0246554000041215]	3	1	2025-11-13_19h09.40.854	intentional-binding		2025.1.1	60.07102798	2025-11-13 19h10.01.027071 +0530
0.4	1000	exp	2	2	0	space	0.912759	None	200	1	[4.883675899996888]	[4.883698699995875]	0	2	2	7	15.1791887		15.1663685	15.1791887	16.1795527	16.1795527	16.1795527	17.0968823	space	0.912759	None	17.0979676	17.49619497	17.8141876	17.7955593	17.7965367	17.8141876	17.8141876	17.8141876	22.6987438	200	1	[4.883675899996888]	[4.883698699995875]	3	1	2025-11-13_19h09.40.854	intentional-binding		2025.1.1	60.07102798	2025-11-13 19h10.01.027071 +0530
0.1	400	unexp	3	3	0	space	0.4008034	None	490	1	[4.669204899997567]	[4.669220199997653]	0	3	3	0	22.712209		22.6995187	22.712209	23.7124448	23.7124448	23.7124448	24.1297706	space	0.4008034	None	24.1310825	24.22902727	24.5436617	24.5233555	24.5239444	24.5436617	24.5436617	24.5436617	29.2135276	490	1	[4.669204899997567]	[4.669220199997653]	3	1	2025-11-13_19h09.40.854	intentional-binding		2025.1.1	60.07102798	2025-11-13 19h10.01.027071 +0530
0.4	400	unexp	4	4	0	space	2.4211748	None	349	1	[7.65007489999698]	[7.650085500004934]	0	4	4	1	29.2286503		29.2141277	29.2286503	30.2285165	30.2285165	30.2285165	32.6627127	space	2.4211748	None	32.6636793	33.06194697	33.378931	33.3637199	33.3643176	33.378931	33.378931	33.378931	41.0293488	349	1	[7.65007489999698]	[7.650085500004934]	3	1	2025-11-13_19h09.40.854	intentional-binding		2025.1.1	60.07102798	2025-11-13 19h10.01.027071 +0530
0.7	1000	exp	5	5	0	space	0.2518438	None	400	1	[5.480117999992217]	[5.48021159999189]	0	5	5	5	41.0452291		41.0296174	41.0452291	42.0447186	42.0447186	42.0447186	42.312342	space	0.2518438	None	42.3133497	43.02805877	43.3326367	43.3253798	43.3257492	43.3326367	43.3326367	43.3326367	48.813667	400	1	[5.480117999992217]	[5.48021159999189]	3	1	2025-11-13_19h09.40.854	intentional-binding		2025.1.1	60.07102798	2025-11-13 19h10.01.027071 +0530
0.7	1000	exp	6	6	0	space	0.4398325	None	300	1	[2.2036585999885574]	[2.2036793000006583]	0	6	6	11	48.8277196		48.8143816	48.8277196	49.8275182	49.8275182	49.8275182	50.2780238	space	0.4398325	None	50.2784645	50.97790577	51.2913224	51.2762515	51.2774996	51.2913224	51.2913224	51.2913224	53.495723	300	1	[2.2036585999885574]	[2.2036793000006583]	3	1	2025-11-13_19h09.40.854	intentional-binding		2025.1.1	60.07102798	2025-11-13 19h10.01.027071 +0530
0.1	1000	exp	7	7	0	space	2.6440278	None	200	1	[2.1407073000009404]	[2.140721999996458]	0	7	7	6	53.510828		53.4965548	53.510828	54.5106519	54.5106519	54.5106519	57.1613766	space	2.6440278	None	57.1623831	57.26056167	57.5704637	57.5553538	57.5560101	57.5704637	57.5704637	57.5704637	59.71166	200	1	[2.1407073000009404]	[2.140721999996458]	3	1	2025-11-13_19h09.40.854	intentional-binding		2025.1.1	60.07102798	2025-11-13 19h10.01.027071 +0530
0.1	1000	exp	8	8	0	space	1.1006957	None	10	1	[2.995504600010463]	[2.9955153000046266]	0	8	8	9	59.7271274		59.7121291	59.7271274	60.7270396	60.7270396	60.7270396	61.8446005	space	1.1006957	None	61.8456722	61.94381547	62.2650769	62.243407	62.2442116	62.2650769	62.2650769	62.2650769	65.2610099	10	1	[2.995504600010463]	[2.9955153000046266]	3	1	2025-11-13_19h09.40.854	intentional-binding		2025.1.1	60.07102798	2025-11-13 19h10.01.027071 +0530
0.1	1000	exp	9	9	0	space	1.7879455	None	30	1	[2.0705661999963922]	[2.0705816999980016]	0	9	9	3	65.2769196		65.2612585	65.2769196	66.2766157	66.2766157	66.2766157	68.0775465	space	1.7879455	None	68.0789504	68.17680627	68.4901132	68.4731389	68.4736729	68.4901132	68.4901132	68.4901132	70.5612267	30	1	[2.0705661999963922]	[2.0705816999980016]	3	1	2025-11-13_19h09.40.854	intentional-binding		2025.1.1	60.07102798	2025-11-13 19h10.01.027071 +0530
0.7	1000	exp	10	10	0	space	2.1222837	None	40	1	[2.9705421999969985]	[2.9705631000106223]	0	10	10	8	70.5768394		70.5618748	70.5768394	71.5765532	71.5765532	71.5765532	73.7107348	space	2.1222837	None	73.7117407	74.40991487	74.7232717	74.7054456	74.7061819	74.7232717	74.7232717	74.7232717	77.694433	40	1	[2.9705421999969985]	[2.9705631000106223]	3	1	2025-11-13_19h09.40.854	intentional-binding		2025.1.1	60.07102798	2025-11-13 19h10.01.027071 +0530
0.4	1000	exp	11	11	0	space	0.5628781	None	300	1	[3.121693700013566]	[3.1217077000037534]	0	11	11	10	77.7096269		77.6950374	77.7096269	78.709865	78.709865	78.709865	79.2771526	space	0.5628781	None	79.2785677	79.67634957	79.9882627	79.9735498	79.9743014	79.9882627	79.9882627	79.9882627	83.110532	300	1	[3.121693700013566]	[3.1217077000037534]	3	1	2025-11-13_19h09.40.854	intentional-binding		2025.1.1	60.07102798	2025-11-13 19h10.01.027071 +0530
0.4	1000	exp	12	0	1	space	28.374857	None	40	1	[9.070999099989422]	[9.07101819998934]	1	0	12	10	83.1259424		83.1111246	83.1259424	84.1262673	84.1262673	84.1262673	112.5087764	space	28.374857	None	112.5099397	112.9082045	113.2212013	113.2047205	113.2053214	113.2212013	113.2212013	113.2212013	122.2928083	40	1	[9.070999099989422]	[9.07101819998934]	3	1	2025-11-13_19h09.40.854	intentional-binding		2025.1.1	60.07102798	2025-11-13 19h10.01.027071 +0530
0.7	1000	exp	13	1	1	space	0.7732522	None	500	1	[5.932929400005378]	[5.932944900006987]	1	1	13	5	122.3076302		122.29334	122.3076302	123.3078297	123.3078297	123.3078297	124.0915755	space	0.7732522	None	124.0927414	124.7908447	125.1080425	125.0932864	125.093874	125.1080425	125.1080425	125.1080425	131.0414373	500	1	[5.932929400005378]	[5.932944900006987]	3	1	2025-11-13_19h09.40.854	intentional-binding		2025.1.1	60.07102798	2025-11-13 19h10.01.027071 +0530
0.4	1000	exp	14	2	1	space	0.7526754	None	460	1	[3.20257940000738]	[3.2026000000041677]	1	2	14	7	131.0570658		131.0419555	131.0570658	132.0573942	132.0573942	132.0573942	132.8245164	space	0.7526754	None	132.8256112	133.2238548	133.5395774	133.5245077	133.5251039	133.5395774	133.5395774	133.5395774	136.7428826	660	1	[3.20257940000738]	[3.2026000000041677]	3	1	2025-11-13_19h09.40.854	intentional-binding		2025.1.1	60.07102798	2025-11-13 19h10.01.027071 +0530
0.7	1000	exp	15	3	1	space	1.4145275	None	300	1	[3.76954169999226]	[3.7695585999899777]	1	3	15	8	136.7567121		136.7434519	136.7567121	137.7568352	137.7568352	137.7568352	139.1738314	space	1.4145275	None	139.1749148	139.8734188	140.1876878	140.1743336	140.1748645	140.1876878	140.1876878	140.1876878	143.9577048	700	1	[3.76954169999226]	[3.7695585999899777]	3	1	2025-11-13_19h09.40.854	intentional-binding		2025.1.1	60.07102798	2025-11-13 19h10.01.027071 +0530
0.1	1000	exp	16	4	1	space	1.7660162	None	233	1	[3.6411025999987032]	[3.641126100003021]	1	4	16	9	143.9731432		143.9582462	143.9731432	144.9730668	144.9730668	144.9730668	146.740388	space	1.7660162	None	146.7407832	146.8396055	147.1500754	147.135503	147.1361379	147.1500754	147.1500754	147.1500754	150.7919791	233	1	[3.6411025999987032]	[3.641126100003021]	3	1	2025-11-13_19h09.40.854	intentional-binding		2025.1.1	60.07102798	2025-11-13 19h10.01.027071 +0530
0.7	400	unexp	17	5	1	space	0.7509203	None	345	1	[4.030655499998829]	[4.030678800001624]	1	5	17	2	150.8062563		150.792681	150.8062563	151.8065122	151.8065122	151.8065122	152.5732037	space	0.7509203	None	152.5742315	153.272602	153.5929837	153.5767571	153.5773383	153.5929837	153.5929837	153.5929837	157.6245598	345	1	[4.030655499998829]	[4.030678800001624]	3	1	2025-11-13_19h09.40.854	intentional-binding		2025.1.1	60.07102798	2025-11-13 19h10.01.027071 +0530
0.1	400	unexp	18	6	1	space	0.2520019	None	567	1	[3.637067499992554]	[3.6370904999930644]	1	6	18	0	157.6391568		157.6251877	157.6391568	158.6390375	158.6390375	158.6390375	158.9064663	space	0.2520019	None	158.9076319	159.0057682	159.3205218	159.3023316	159.302864	159.3205218	159.3205218	159.3205218	162.9583003	567	1	[3.637067499992554]	[3.6370904999930644]	3	1	2025-11-13_19h09.40.854	intentional-binding		2025.1.1	60.07102798	2025-11-13 19h10.01.027071 +0530
0.4	400	unexp	19	7	1	space	0.2379699	None	344	1	[4.57089210000413]	[4.570942800011835]	1	7	19	1	162.9720012		162.9588938	162.9720012	163.9722243	163.9722243	163.9722243	164.2229089	space	0.2379699	None	164.2242751	164.6220741	164.935867	164.918704	164.9192916	164.935867	164.935867	164.935867	169.5075176	344	1	[4.57089210000413]	[4.570942800011835]	3	1	2025-11-13_19h09.40.854	intentional-binding		2025.1.1	60.07102798	2025-11-13 19h10.01.027071 +0530
0.4	1000	exp	20	8	1	space	1.5120694	None	344	1	[4.239127199994982]	[4.239143900005729]	1	8	20	4	169.5217967		169.5082065	169.5217967	170.5545265	170.5545265	170.5545265	172.0771723	space	1.5120694	None	172.0782087	172.4778132	172.8006546	172.7796628	172.7802423	172.8006546	172.8006546	172.8006546	177.0404806	456	1	[4.239127199994982]	[4.239143900005729]	3	1	2025-11-13_19h09.40.854	intentional-binding		2025.1.1	60.07102798	2025-11-13 19h10.01.027071 +0530
0.1	1000	exp	21	9	1	space	0.1095353	None	23	1	[4.1885425000073155]	[4.188560200011125]	1	9	21	3	177.0548142		177.0410954	177.0548142	178.05472	178.05472	178.05472	178.1720588	space	0.1095353	None	178.1734677	178.2713285	178.5834896	178.5654562	178.5661553	178.5834896	178.5834896	178.5834896	182.772705	23	1	[4.1885425000073155]	[4.188560200011125]	3	1	2025-11-13_19h09.40.854	intentional-binding		2025.1.1	60.07102798	2025-11-13 19h10.01.027071 +0530
0.1	1000	exp	22	10	1	space	0.3689823	None	56	1	[6.821062400005758]	[6.821080900001107]	1	10	22	6	182.7879584		182.773341	182.7879584	183.7879361	183.7879361	183.7879361	184.1719779	space	0.3689823	None	184.1729791	184.2875743	184.6011687	184.5874269	184.5881221	184.6011687	184.6011687	184.6011687	191.4227781	56	1	[6.821062400005758]	[6.821080900001107]	3	1	2025-11-13_19h09.40.854	intentional-binding		2025.1.1	60.07102798	2025-11-13 19h10.01.027071 +0530
0.7	1000	exp	23	11	1	space	0.2694284	None	30	1	[2.9392995000089286]	[2.9393235000025015]	1	11	23	11	191.437572		191.4231295	191.437572	192.4376876	192.4376876	192.4376876	192.7215363	space	0.2694284	None	192.7226051	193.4208554	193.7323561	193.7168681	193.7174864	193.7323561	193.7323561	193.7323561	196.67241	30	1	[2.9392995000089286]	[2.9393235000025015]	3	1	2025-11-13_19h09.40.854	intentional-binding		2025.1.1	60.07102798	2025-11-13 19h10.01.027071 +0530
0.4	400	unexp	24	0	2	space	1.288708	None	59	1	[12.597590799996397]	[12.597608500000206]	2	0	24	1	196.6872439		196.6731503	196.6872439	197.6874276	197.6874276	197.6874276	198.9881143	space	1.288708	None	198.9895214	199.4038118	199.7232214	199.7067896	199.7073777	199.7232214	199.7232214	199.7232214	212.3215122	59	1	[12.597590799996397]	[12.597608500000206]	3	1	2025-11-13_19h09.40.854	intentional-binding		2025.1.1	60.07102798	2025-11-13 19h10.01.027071 +0530
0.7	1000	exp	25	1	2	space	0.5542663	None	588	1	[3.819751900009578]	[3.8197677999996813]	2	1	25	11	212.3364206		212.322059	212.3364206	213.3365289	213.3365289	213.3365289	213.9039881	space	0.5542663	None	213.9050452	214.603065	214.9171747	214.902174	214.9030993	214.9171747	214.9171747	214.9171747	218.7373552	588	1	[3.819751900009578]	[3.8197677999996813]	3	1	2025-11-13_19h09.40.854	intentional-binding		2025.1.1	60.07102798	2025-11-13 19h10.01.027071 +0530
0.1	1000	exp	26	2	2	space	0.2417379	None	132	1	[5.170049199994537]	[5.170064000005368]	2	2	26	3	218.7527971		218.7377622	218.7527971	219.7528616	219.7528616	219.7528616	220.003642	space	0.2417379	None	220.0050495	220.1195019	220.4332935	220.4196123	220.4203359	220.4332935	220.4332935	220.4332935	225.603875	132	1	[5.170049199994537]	[5.170064000005368]	3	1	2025-11-13_19h09.40.854	intentional-binding		2025.1.1	60.07102798	2025-11-13 19h10.01.027071 +0530
0.1	400	unexp	27	3	2	space	0.4225608	None	333	1	[4.337074800001574]	[4.337090700006229]	2	3	27	0	225.6191136		225.6044593	225.6191136	226.6190234	226.6190234	226.6190234	227.053293	space	0.4225608	None	227.0542989	227.1524519	227.4672195	227.4525322	227.4532184	227.4672195	227.4672195	227.4672195	231.8047851	333	1	[4.337074800001574]	[4.337090700006229]	3	1	2025-11-13_19h09.40.854	intentional-binding		2025.1.1	60.07102798	2025-11-13 19h10.01.027071 +0530
0.7	1000	exp	28	4	2	space	1.0383719	None	455	1	[3.245226200000616]	[3.2452380000031553]	2	4	28	8	231.8187432		231.8053245	231.8187432	232.8188642	232.8188642	232.8188642	233.8697265	space	1.0383719	None	233.8707304	234.5855623	234.8909614	234.8830438	234.8833736	234.8909614	234.8909614	234.8909614	238.1372799	455	1	[3.245226200000616]	[3.2452380000031553]	3	1	2025-11-13_19h09.40.854	intentional-binding		2025.1.1	60.07102798	2025-11-13 19h10.01.027071 +0530
0.4	1000	exp	29	5	2	space	0.2587628	None	556	1	[1.986717600011616]	[1.9867292999988422]	2	5	29	10	238.1517249		238.1375788	238.1517249	239.1518245	239.1518245	239.1518245	239.4193937	space	0.2587628	None	239.4203878	239.8192466	240.1327468	240.1160238	240.1168081	240.1327468	240.1327468	240.1327468	242.1199005	556	1	[1.986717600011616]	[1.9867292999988422]	3	1	2025-11-13_19h09.40.854	intentional-binding		2025.1.1	60.07102798	2025-11-13 19h10.01.027071 +0530
0.1	1000	exp	30	6	2	space	1.5442602	None	666	1	[2.037763400003314]	[2.0377848999924026]	2	6	30	9	242.1348283		242.1203805	242.1348283	243.1350391	243.1350391	243.1350391	244.6854367	space	1.5442602	None	244.6861215	244.7848289	245.0974473	245.0833389	245.0844289	245.0974473	245.0974473	245.0974473	247.1357403	666	1	[2.037763400003314]	[2.0377848999924026]	3	1	2025-11-13_19h09.40.854	intentional-binding		2025.1.1	60.07102798	2025-11-13 19h10.01.027071 +0530
0.7	1000	exp	31	7	2	space	0.6410517	None	667	1	[3.991516900001443]	[3.9915313000092283]	2	7	31	5	247.1514881		247.1362502	247.1514881	248.1514211	248.1514211	248.1514211	248.8025216	space	0.6410517	None	248.8039678	249.5178785	249.8276542	249.8125158	249.8131686	249.8276542	249.8276542	249.8276542	253.8196178	667	1	[3.991516900001443]	[3.9915313000092283]	3	1	2025-11-13_19h09.40.854	intentional-binding		2025.1.1	60.07102798	2025-11-13 19h10.01.027071 +0530
0.7	400	unexp	32	8	2	space	0.4433504	None	500	1	[2.0225599000114016]	[2.0225751000107266]	2	8	32	2	253.8342534		253.8199933	253.8342534	254.8344475	254.8344475	254.8344475	255.2848974	space	0.4433504	None	255.2859647	255.9851036	256.2969013	256.2820868	256.2826895	256.2969013	256.2969013	256.2969013	258.3201096	44	1	[2.0225599000114016]	[2.0225751000107266]	3	1	2025-11-13_19h09.40.854	intentional-binding		2025.1.1	60.07102798	2025-11-13 19h10.01.027071 +0530
0.4	1000	exp	33	9	2	space	1.5366065	None	476	1	[3.165044299996225]	[3.1650667000067187]	2	9	33	7	258.3343059		258.3207643	258.3343059	259.3341826	259.3341826	259.3341826	260.8848722	space	1.5366065	None	260.8858952	261.2844411	261.6039968	261.5838045	261.584742	261.6039968	261.6039968	261.6039968	264.76977	476	1	[3.165044299996225]	[3.1650667000067187]	3	1	2025-11-13_19h09.40.854	intentional-binding		2025.1.1	60.07102798	2025-11-13 19h10.01.027071 +0530
0.1	1000	exp	34	10	2	space	0.5302343	None	555	1	[2.781577499990817]	[2.781600000002072]	2	10	34	6	264.7837258		264.7704143	264.7837258	265.7839266	265.7839266	265.7839266	266.3183472	space	0.5302343	None	266.3193552	266.4339661	266.7526383	266.7335093	266.734294	266.7526383	266.7526383	266.7526383	269.534725	555	1	[2.781577499990817]	[2.781600000002072]	3	1	2025-11-13_19h09.40.854	intentional-binding		2025.1.1	60.07102798	2025-11-13 19h10.01.027071 +0530
0.4	1000	exp	35	11	2	space	1.0989905	None	664	1	[4.237883399997372]	[4.237898399995174]	2	11	35	4	269.5503656		269.5354349	269.5503656	270.5503624	270.5503624	270.5503624	271.6513416	space	1.0989905	None	271.6525788	272.050417	272.3626664	272.3468125	272.3473873	272.3626664	272.3626664	272.3626664	276.6009756	664	1	[4.237883399997372]	[4.237898399995174]	3	1	2025-11-13_19h09.40.854	intentional-binding		2025.1.1	60.07102798	2025-11-13 19h10.01.027071 +0530
0.4	400	unexp	36	0	3	space	0.5036893	None	445	1	[2.619637800002238]	[2.6196504999970784]	3	0	36	1	276.6165327		276.6015126	276.6165327	277.6168752	277.6168752	277.6168752	278.1336852	space	0.5036893	None	278.1347089	278.5332539	278.8473024	278.8313937	278.8324945	278.8473024	278.8473024	278.8473024	281.4674559	445	1	[2.619637800002238]	[2.6196504999970784]	3	1	2025-11-13_19h09.40.854	intentional-binding		2025.1.1	60.07102798	2025-11-13 19h10.01.027071 +0530
0.4	1000	exp	37	1	3	space	1.3837542	None	445	1	[3.749437200007378]	[3.749456499994267]	3	1	37	10	281.4829195		281.4679442	281.4829195	282.4831809	282.4831809	282.4831809	283.8837201	space	1.3837542	None	283.8848689	284.2830707	284.6006019	284.5797625	284.580319	284.6006019	284.6006019	284.6006019	288.3505813	445	1	[3.749437200007378]	[3.749456499994267]	3	1	2025-11-13_19h09.40.854	intentional-binding		2025.1.1	60.07102798	2025-11-13 19h10.01.027071 +0530
0.7	400	unexp	38	2	3	space	0.3298092	None	334	1	[4.033128600000055]	[4.033137799997348]	3	2	38	2	288.3660935		288.3511561	288.3660935	289.366347	289.366347	289.366347	289.7001234	space	0.3298092	None	289.7010672	290.3992988	290.7169649	290.6992299	290.7001883	290.7169649	290.7169649	290.7169649	294.7504345	334	1	[4.033128600000055]	[4.033137799997348]	3	1	2025-11-13_19h09.40.854	intentional-binding		2025.1.1	60.07102798	2025-11-13 19h10.01.027071 +0530
0.7	1000	exp	39	3	3	space	0.2505273	None	354	1	[4.220664100008435]	[4.2206838999991305]	3	3	39	11	294.7656094		294.7507185	294.7656094	295.765599	295.765599	295.765599	296.033122	space	0.2505273	None	296.0344985	296.7325215	297.0463654	297.0305468	297.0322428	297.0463654	297.0463654	297.0463654	301.2677506	354	1	[4.220664100008435]	[4.2206838999991305]	3	1	2025-11-13_19h09.40.854	intentional-binding		2025.1.1	60.07102798	2025-11-13 19h10.01.027071 +0530
0.7	1000	exp	40	4	3	space	0.4986418	None	354	1	[3.605258600000525]	[3.6052740000013728]	3	4	40	5	301.281907		301.2683146	301.281907	302.2821357	302.2821357	302.2821357	302.7827542	space	0.4986418	None	302.7841602	303.4821349	303.7939853	303.7792654	303.7798204	303.7939853	303.7939853	303.7939853	307.3997222	354	1	[3.605258600000525]	[3.6052740000013728]	3	1	2025-11-13_19h09.40.854	intentional-binding		2025.1.1	60.07102798	2025-11-13 19h10.01.027071 +0530
0.1	1000	exp	41	5	3	space	0.3119945	None	233	1	[1.9035251000022981]	[1.9035393000085605]	3	5	41	6	307.4151417		307.4001298	307.4151417	308.4153564	308.4153564	308.4153564	308.7326019	space	0.3119945	None	308.733906	308.8318948	309.1454351	309.131019	309.1317827	309.1454351	309.1454351	309.1454351	311.0493931	233	1	[1.9035251000022981]	[1.9035393000085605]	3	1	2025-11-13_19h09.40.854	intentional-binding		2025.1.1	60.07102798	2025-11-13 19h10.01.027071 +0530
0.4	1000	exp	42	6	3	space	1.9284536	None	443	1	[2.584886500000721]	[2.5849042999907397]	3	6	42	7	311.0650765		311.0497768	311.0650765	312.0651062	312.0651062	312.0651062	313.9989722	space	1.9284536	None	314.000203	314.3981546	314.7141841	314.6932606	314.6938557	314.7141841	314.7141841	314.7141841	317.2997827	443	1	[2.584886500000721]	[2.5849042999907397]	3	1	2025-11-13_19h09.40.854	intentional-binding		2025.1.1	60.07102798	2025-11-13 19h10.01.027071 +0530
0.1	400	unexp	43	7	3	space	1.0665661	None	22	1	[4.709634500002721]	[4.709647600000608]	3	7	43	0	317.3146469		317.3002708	317.3146469	318.3147866	318.3147866	318.3147866	319.382422	space	1.0665661	None	319.383418	319.4978352	319.806087	319.7887165	319.789468	319.806087	319.806087	319.806087	324.5164991	22	1	[4.709634500002721]	[4.709647600000608]	3	1	2025-11-13_19h09.40.854	intentional-binding		2025.1.1	60.07102798	2025-11-13 19h10.01.027071 +0530
0.1	1000	exp	44	8	3	space	0.2500405	None	332	1	[4.492079800009378]	[4.492097599999397]	3	8	44	3	324.530842		324.5170695	324.530842	325.5307675	325.5307675	325.5307675	325.7981376	space	0.2500405	None	325.7992625	325.8975084	326.2061655	326.1903042	326.1908941	326.2061655	326.2061655	326.2061655	330.6986938	332	1	[4.492079800009378]	[4.492097599999397]	3	1	2025-11-13_19h09.40.854	intentional-binding		2025.1.1	60.07102798	2025-11-13 19h10.01.027071 +0530
0.1	1000	exp	45	9	3	space	30.0536495	None	"555
"	1	[5.832317799999146]	[5.832332799996948]	3	9	45	9	330.7144868		330.699103	330.7144868	331.7139991	331.7139991	331.7139991	361.7799489	space	30.0536495	None	361.7811157	361.8793689	362.1976407	362.1811614	362.1817689	362.1976407	362.1976407	362.1976407	368.0304276	"555
"	1	[5.832317799999146]	[5.832332799996948]	3	1	2025-11-13_19h09.40.854	intentional-binding		2025.1.1	60.07102798	2025-11-13 19h10.01.027071 +0530
0.4	1000	exp	46	10	3	space	3.9854026	None	876	1	[2.187104399999953]	[2.1871255000005476]	3	10	46	4	368.0454913		368.0308225	368.0454913	369.0457229	369.0457229	369.0457229	373.046506	space	3.9854026	None	373.0480074	373.462166	373.7762328	373.7586739	373.7594108	373.7762328	373.7762328	373.7762328	375.964111	876	1	[2.187104399999953]	[2.1871255000005476]	3	1	2025-11-13_19h09.40.854	intentional-binding		2025.1.1	60.07102798	2025-11-13 19h10.01.027071 +0530
0.7	1000	exp	47	11	3	space	1.5562116	None	765	1	[2.8453642000094987]	[2.845376099998248]	3	11	47	8	375.9784141		375.964715	375.9784141	376.9784072	376.9784072	376.9784072	378.5457913	space	1.5562116	None	378.5470334	379.2617801	379.5831852	379.5628147	379.5635994	379.5831852	379.5831852	379.5831852	382.4289379	765	1	[2.8453642000094987]	[2.845376099998248]	3	1	2025-11-13_19h09.40.854	intentional-binding		2025.1.1	60.07102798	2025-11-13 19h10.01.027071 +0530
0.4	1000	exp	48	0	4	space	1.892555	None	987	1	[3.2902721999998903]	[3.2902960000064922]	4	0	48	4	382.4449207		382.4292777	382.4449207	383.4282034	383.4282034	383.4449039	385.3286322	space	1.892555	None	385.3300047	385.7280233	386.0385051	386.0230585	386.0236494	386.0385051	386.0385051	386.0385051	389.3293551	987	1	[3.2902721999998903]	[3.2902960000064922]	3	1	2025-11-13_19h09.40.854	intentional-binding		2025.1.1	60.07102798	2025-11-13 19h10.01.027071 +0530
0.7	1000	exp	49	1	4	space	2.6933343	None	999	1	[1.670591100002639]	[1.6706065000034869]	4	1	49	5	389.3444686		389.329772	389.3444686	390.3445161	390.3445161	390.3445161	393.0451279	space	2.6933343	None	393.0461849	393.7444141	394.0577572	394.0439829	394.0446805	394.0577572	394.0577572	394.0577572	395.7288514	999	1	[1.670591100002639]	[1.6706065000034869]	3	1	2025-11-13_19h09.40.854	intentional-binding		2025.1.1	60.07102798	2025-11-13 19h10.01.027071 +0530
0.7	1000	exp	50	2	4	space	0.9437456	None	876	1	[3.732234099996276]	[3.7322572999983095]	4	2	50	8	395.7441495		395.7293541	395.7441495	396.7443287	396.7443287	396.7443287	397.6948814	space	0.9437456	None	397.6961363	398.3942052	398.7123892	398.6927215	398.6941775	398.7123892	398.7123892	398.7123892	402.445083	876	1	[3.732234099996276]	[3.7322572999983095]	3	1	2025-11-13_19h09.40.854	intentional-binding		2025.1.1	60.07102798	2025-11-13 19h10.01.027071 +0530
0.1	1000	exp	51	3	4	space	14.2761397	None	543	1	[2.0846163999958662]	[2.0846386999910465]	4	3	51	9	402.4603149		402.4455287	402.4603149	403.4604704	403.4604704	403.4604704	417.7438365	space	14.2761397	None	417.7448694	417.843427	418.1592499	418.1447953	418.1454274	418.1592499	418.1592499	418.1592499	420.2445053	543	1	[2.0846163999958662]	[2.0846386999910465]	3	1	2025-11-13_19h09.40.854	intentional-binding		2025.1.1	60.07102798	2025-11-13 19h10.01.027071 +0530
0.1	1000	exp	52	4	4	space	0.650775	None	444	1	[3.963819600001443]	[3.963834499998484]	4	4	52	6	420.2595099		420.2449467	420.2595099	421.2596932	421.2596932	421.2596932	421.9272249	space	0.650775	None	421.9285707	422.0431241	422.3632999	422.3434151	422.3442873	422.3632999	422.3632999	422.3632999	426.327627	444	1	[3.963819600001443]	[3.963834499998484]	3	1	2025-11-13_19h09.40.854	intentional-binding		2025.1.1	60.07102798	2025-11-13 19h10.01.027071 +0530
0.4	1000	exp	53	5	4	space	2.0558051	None	765	1	[1.2229921000107424]	[1.2230073000100674]	4	5	53	7	426.3427278		426.3281752	426.3427278	427.3427526	427.3427526	427.3427526	429.4099308	space	2.0558051	None	429.4109534	429.8092796	430.1200018	430.1047462	430.1053699	430.1200018	430.1200018	430.1200018	431.3434308	765	1	[1.2229921000107424]	[1.2230073000100674]	3	1	2025-11-13_19h09.40.854	intentional-binding		2025.1.1	60.07102798	2025-11-13 19h10.01.027071 +0530
0.7	1000	exp	54	6	4	space	0.347183	None	654	1	[2.2794594000006327]	[2.279482400001143]	4	6	54	11	431.3590465		431.3438385	431.3590465	432.3590886	432.3590886	432.3590886	432.7098027	space	0.347183	None	432.7108582	433.4093602	433.7302568	433.7096466	433.7103507	433.7302568	433.7302568	433.7302568	436.0105489	654	1	[2.2794594000006327]	[2.279482400001143]	3	1	2025-11-13_19h09.40.854	intentional-binding		2025.1.1	60.07102798	2025-11-13 19h10.01.027071 +0530
0.1	400	unexp	55	7	4	space	0.9239808	None	888	1	[3.9169955999968806]	[3.917010899996967]	4	7	55	0	436.0255111		436.0111176	436.0255111	437.0258123	437.0258123	437.0258123	437.9594746	space	0.9239808	None	437.9606838	438.0588474	438.3761249	438.3617186	438.3623233	438.3761249	438.3761249	438.3761249	442.2935957	888	1	[3.9169955999968806]	[3.917010899996967]	3	1	2025-11-13_19h09.40.854	intentional-binding		2025.1.1	60.07102798	2025-11-13 19h10.01.027071 +0530
0.1	1000	exp	56	8	4	space	0.7617163	None	543	1	[1.7885145999898668]	[1.7885358999919845]	4	8	56	3	442.308495		442.2939509	442.308495	443.3084892	443.3084892	443.3084892	444.0757009	space	0.7617163	None	444.07636	444.1749074	444.4873909	444.4710749	444.4717223	444.4873909	444.4873909	444.4873909	446.276783	543	1	[1.7885145999898668]	[1.7885358999919845]	3	1	2025-11-13_19h09.40.854	intentional-binding		2025.1.1	60.07102798	2025-11-13 19h10.01.027071 +0530
0.4	1000	exp	57	9	4	space	3.7966269	None	432	1	[1.91998419999436]	[1.9200066999910632]	4	9	57	10	446.2919305		446.277448	446.2919305	447.2917598	447.2917598	447.2917598	451.0925859	space	3.7966269	None	451.0936883	451.508355	451.8222715	451.8060596	451.8066511	451.8222715	451.8222715	451.8222715	453.7429204	432	1	[1.91998419999436]	[1.9200066999910632]	3	1	2025-11-13_19h09.40.854	intentional-binding		2025.1.1	60.07102798	2025-11-13 19h10.01.027071 +0530
0.7	400	unexp	58	10	4	space	0.9381011	None	654	1	[2.6532265999994706]	[2.6532411000080174]	4	10	58	2	453.7578719		453.7435118	453.7578719	454.7585823	454.7585823	454.7585823	455.709359	space	0.9381011	None	455.7109005	456.4245683	456.7391446	456.7233476	456.7245905	456.7391446	456.7391446	456.7391446	459.3929489	654	1	[2.6532265999994706]	[2.6532411000080174]	3	1	2025-11-13_19h09.40.854	intentional-binding		2025.1.1	60.07102798	2025-11-13 19h10.01.027071 +0530
0.4	400	unexp	59	11	4	space	11.3768481	None	543	1	[1.6805066999950213]	[1.6805163999961223]	4	11	59	1	459.4076595		459.3934635	459.4076595	460.4079731	460.4079731	460.4079731	471.7914169	space	11.3768481	None	471.7924577	472.1904972	472.4941254	472.4786197	472.4792083	472.4941254	472.4941254	472.4941254	474.1749767	543	1	[1.6805066999950213]	[1.6805163999961223]	3	1	2025-11-13_19h09.40.854	intentional-binding		2025.1.1	60.07102798	2025-11-13 19h10.01.027071 +0530
0.1	1000	exp	60	0	5	space	0.8273486	None	211	1	[1.4375448999926448]	[1.437561700004153]	5	0	60	9	474.1905671		474.1752336	474.1905671	475.1902501	475.1902501	475.1902501	476.0244048	space	0.8273486	None	476.0254666	476.1236083	476.4369969	476.4229701	476.4236965	476.4369969	476.4369969	476.4369969	477.8751838	211	1	[1.4375448999926448]	[1.437561700004153]	3	1	2025-11-13_19h09.40.854	intentional-binding		2025.1.1	60.07102798	2025-11-13 19h10.01.027071 +0530
0.1	400	unexp	61	1	5	space	0.331968	None	333	1	[1.5362498000031337]	[1.5362677999946754]	5	1	61	0	477.8903065		477.8755721	477.8903065	478.8903224	478.8903224	478.8903224	479.224193	space	0.331968	None	479.2252634	479.3234788	479.6383905	479.6237148	479.6243025	479.6383905	479.6383905	479.6383905	481.1752978	333	1	[1.5362498000031337]	[1.5362677999946754]	3	1	2025-11-13_19h09.40.854	intentional-binding		2025.1.1	60.07102798	2025-11-13 19h10.01.027071 +0530
0.1	1000	exp	62	2	5	space	5.2069144	None	432	1	[1.2406998999940697]	[1.240717599997879]	5	2	62	3	481.1902682		481.1757942	481.1902682	482.1899846	482.1899846	482.1899846	487.4076749	space	5.2069144	None	487.4094735	487.5232786	487.833449	487.8195642	487.8200886	487.833449	487.833449	487.833449	489.0746539	432	1	[1.2406998999940697]	[1.240717599997879]	3	1	2025-11-13_19h09.40.854	intentional-binding		2025.1.1	60.07102798	2025-11-13 19h10.01.027071 +0530
0.4	1000	exp	63	3	5	space	3.7268878	None	654	1	[2.333883200000855]	[2.3339067000051728]	5	3	63	7	489.0895345		489.0750979	489.0895345	490.0896439	490.0896439	490.0896439	493.8236378	space	3.7268878	None	493.8248557	494.2396495	494.5567362	494.5414271	494.5420443	494.5567362	494.5567362	494.5567362	496.891572	654	1	[2.333883200000855]	[2.3339067000051728]	3	1	2025-11-13_19h09.40.854	intentional-binding		2025.1.1	60.07102798	2025-11-13 19h10.01.027071 +0530
0.1	1000	exp	64	4	5	space	1.5894211	None	321	1	[1.652397400001064]	[1.6524193999939598]	5	4	64	6	496.9058067		496.8921853	496.9058067	497.9059393	497.9059393	497.9059393	499.5066411	space	1.5894211	None	499.5080559	499.6057853	499.9216847	499.9035505	499.9041373	499.9216847	499.9216847	499.9216847	501.5748562	321	1	[1.652397400001064]	[1.6524193999939598]	3	1	2025-11-13_19h09.40.854	intentional-binding		2025.1.1	60.07102798	2025-11-13 19h10.01.027071 +0530
0.4	1000	exp	65	5	5	space	0.8404034	None	543	1	[1.3167601000022842]	[1.316772200007108]	5	5	65	4	501.5889973		501.5755623	501.5889973	502.5889853	502.5889853	502.5889853	503.439993	space	0.8404034	None	503.4413819	503.855592	504.1727343	504.1530704	504.1536873	504.1727343	504.1727343	504.1727343	505.4899083	543	1	[1.3167601000022842]	[1.316772200007108]	3	1	2025-11-13_19h09.40.854	intentional-binding		2025.1.1	60.07102798	2025-11-13 19h10.01.027071 +0530
0.7	400	unexp	66	6	5	space	0.5864208	None	876	1	[1.6743374000070617]	[1.6743514999980107]	5	6	66	2	505.5055375		505.4902383	505.5055375	506.5054219	506.5054219	506.5054219	507.1064481	space	0.5864208	None	507.1079752	507.8055699	508.1153743	508.0998157	508.1004277	508.1153743	508.1153743	508.1153743	509.7901864	876	1	[1.6743374000070617]	[1.6743514999980107]	3	1	2025-11-13_19h09.40.854	intentional-binding		2025.1.1	60.07102798	2025-11-13 19h10.01.027071 +0530
0.7	1000	exp	67	7	5	space	15.9952966	None	876	1	[3.8149240000057034]	[3.8149558000004617]	5	7	67	11	509.805174		509.7905724	509.805174	510.805088	510.805088	510.805088	526.8051589	space	15.9952966	None	526.8062104	527.504733	527.8234852	527.8030975	527.8044843	527.8234852	527.8234852	527.8234852	531.6389213	876	1	[3.8149240000057034]	[3.8149558000004617]	3	1	2025-11-13_19h09.40.854	intentional-binding		2025.1.1	60.07102798	2025-11-13 19h10.01.027071 +0530
0.7	1000	exp	68	8	5	space	2.7174825	None	654	1	[4.446983000001637]	[4.446990700002061]	5	8	68	5	531.6542159		531.6392947	531.6542159	532.6540829	532.6540829	532.6540829	535.3881053	space	2.7174825	None	535.3889916	536.0874667	536.4078779	536.3902208	536.3907901	536.4078779	536.4078779	536.4078779	540.8551989	654	1	[4.446983000001637]	[4.446990700002061]	3	1	2025-11-13_19h09.40.854	intentional-binding		2025.1.1	60.07102798	2025-11-13 19h10.01.027071 +0530
0.4	400	unexp	69	9	5	space	1.4357242	None	543	1	[1.7035436000005575]	[1.7035590000014054]	5	9	69	1	540.8706405		540.8554509	540.8706405	541.8706233	541.8706233	541.8706233	543.321112	space	1.4357242	None	543.3222028	543.7370655	544.0505145	544.035333	544.0362254	544.0505145	544.0505145	544.0505145	545.7545094	543	1	[1.7035436000005575]	[1.7035590000014054]	3	1	2025-11-13_19h09.40.854	intentional-binding		2025.1.1	60.07102798	2025-11-13 19h10.01.027071 +0530
0.4	1000	exp	70	10	5	space	12.6072671	None	678	1	[2.4738284000050044]	[2.4738529000023846]	5	10	70	10	545.7702844		545.7549056	545.7702844	546.7702534	546.7702534	546.7702534	559.3871381	space	12.6072671	None	559.3883203	559.7862188	560.0965992	560.0809058	560.0815077	560.0965992	560.0965992	560.0965992	562.571141	678	1	[2.4738284000050044]	[2.4738529000023846]	3	1	2025-11-13_19h09.40.854	intentional-binding		2025.1.1	60.07102798	2025-11-13 19h10.01.027071 +0530
0.7	1000	exp	71	11	5	space	1.2780119	None	987	1	[2.086251500004437]	[2.0862966000131564]	5	11	71	8	562.5860017		562.5716867	562.5860017	563.5862928	563.5862928	563.5862928	564.870026	space	1.2780119	None	564.8710387	565.5693386	565.8839002	565.8632241	565.8638243	565.8839002	565.8839002	565.8839002	567.9708301	987	1	[2.086251500004437]	[2.0862966000131564]	3	1	2025-11-13_19h09.40.854	intentional-binding		2025.1.1	60.07102798	2025-11-13 19h10.01.027071 +0530
0.7	1000	exp	72	0	6	space	0.7496827	None	654	1	[1.4322314000019105]	[1.4322462999989511]	6	0	72	5	567.985765		567.9714096	567.985765	568.9859528	568.9859528	568.9859528	569.7534942	space	0.7496827	None	569.754832	570.4689548	570.7873348	570.7668386	570.7674397	570.7873348	570.7873348	570.7873348	572.2200436	654	1	[1.4322314000019105]	[1.4322462999989511]	3	1	2025-11-13_19h09.40.854	intentional-binding		2025.1.1	60.07102798	2025-11-13 19h10.01.027071 +0530
0.7	1000	exp	73	1	6	space	0.6486003	None	899	1	[1.4527607000054559]	[1.4527743000071496]	6	1	73	11	572.2355863		572.2204218	572.2355863	573.235536	573.235536	573.235536	573.8863892	space	0.6486003	None	573.887392	574.5854637	574.900109	574.8814115	574.882016	574.900109	574.900109	574.900109	576.3533132	899	1	[1.4527607000054559]	[1.4527743000071496]	3	1	2025-11-13_19h09.40.854	intentional-binding		2025.1.1	60.07102798	2025-11-13 19h10.01.027071 +0530
0.4	1000	exp	74	2	6	space	1.249817	None	654	1	[1.3192175000003772]	[1.3192322999966564]	6	2	74	7	576.3688912		576.3537237	576.3688912	577.3689701	577.3689701	577.3689701	578.6358721	space	1.249817	None	578.6371333	579.0353634	579.3510829	579.3300301	579.3306172	579.3510829	579.3510829	579.3510829	580.6708636	654	1	[1.3192175000003772]	[1.3192322999966564]	3	1	2025-11-13_19h09.40.854	intentional-binding		2025.1.1	60.07102798	2025-11-13 19h10.01.027071 +0530
0.1	1000	exp	75	3	6	space	0.7319598	None	433	1	[1.4596000000019558]	[1.4596105000091484]	6	3	75	9	580.6851207		580.6712672	580.6851207	581.6852946	581.6852946	581.6852946	582.419178	space	0.7319598	None	582.4201441	582.5183561	582.8258529	582.8086983	582.8095202	582.8258529	582.8258529	582.8258529	584.2857985	433	1	[1.4596000000019558]	[1.4596105000091484]	3	1	2025-11-13_19h09.40.854	intentional-binding		2025.1.1	60.07102798	2025-11-13 19h10.01.027071 +0530
0.1	400	unexp	76	4	6	space	0.5925824	None	567	1	[1.7877626999979839]	[1.7877836999978172]	6	4	76	0	584.3016478		584.2860954	584.3016478	585.2850955	585.2850955	585.3015556	585.8857443	space	0.5925824	None	585.8871546	585.9849461	586.2999844	586.2832142	586.284664	586.2999844	586.2999844	586.2999844	588.088534	567	1	[1.7877626999979839]	[1.7877836999978172]	3	1	2025-11-13_19h09.40.854	intentional-binding		2025.1.1	60.07102798	2025-11-13 19h10.01.027071 +0530
0.1	1000	exp	77	5	6	space	2.7587183	None	543	1	[1.2874938000022667]	[1.2875142999982927]	6	5	77	6	588.101337		588.0892506	588.101337	589.1013646	589.1013646	589.1013646	591.8686412	space	2.7587183	None	591.8699493	591.9678149	592.2813499	592.2629686	592.2635484	592.2813499	592.2813499	592.2813499	593.5695317	543	1	[1.2874938000022667]	[1.2875142999982927]	3	1	2025-11-13_19h09.40.854	intentional-binding		2025.1.1	60.07102798	2025-11-13 19h10.01.027071 +0530
0.1	1000	exp	78	6	6	space	2.2905938	None	"432
"	1	[3.8802658999920823]	[3.8802890999941155]	6	6	78	3	593.5844868		593.5701016	593.5844868	594.5845501	594.5845501	594.5845501	596.8851528	space	2.2905938	None	596.8862787	596.9845107	597.3047718	597.2830863	597.2843094	597.3047718	597.3047718	597.3047718	601.1855215	"432
"	1	[3.8802658999920823]	[3.8802890999941155]	3	1	2025-11-13_19h09.40.854	intentional-binding		2025.1.1	60.07102798	2025-11-13 19h10.01.027071 +0530
0.4	1000	exp	79	7	6	space	2.181164	None	467	1	[2.4034748999984004]	[2.403493999998318]	6	7	79	4	601.2007247		601.1860178	601.2007247	602.2007409	602.2007409	602.2007409	604.3847942	space	2.181164	None	604.3858216	604.7842343	605.0977821	605.0839892	605.0846443	605.0977821	605.0977821	605.0977821	607.501738	467	1	[2.4034748999984004]	[2.403493999998318]	3	1	2025-11-13_19h09.40.854	intentional-binding		2025.1.1	60.07102798	2025-11-13 19h10.01.027071 +0530
0.7	400	unexp	80	8	6	space	0.5178549	None	765	1	[2.309028900010162]	[2.3090490000031423]	6	8	80	2	607.5171753		607.5020643	607.5171753	608.5171769	608.5171769	608.5171769	609.0511718	space	0.5178549	None	609.0525927	609.7505947	610.0592752	610.0437323	610.0443751	610.0592752	610.0592752	610.0592752	612.368827	765	1	[2.309028900010162]	[2.3090490000031423]	3	1	2025-11-13_19h09.40.854	intentional-binding		2025.1.1	60.07102798	2025-11-13 19h10.01.027071 +0530
0.4	400	unexp	81	9	6	space	1.1850696	None	233	1	[3.819821500001126]	[3.819844400000875]	6	9	81	1	612.3837002		612.3696701	612.3837002	613.3836901	613.3836901	613.3836901	614.5844079	space	1.1850696	None	614.5856228	614.9835617	615.2985402	615.2823211	615.2835031	615.2985402	615.2985402	615.2985402	619.119017	233	1	[3.819821500001126]	[3.819844400000875]	3	1	2025-11-13_19h09.40.854	intentional-binding		2025.1.1	60.07102798	2025-11-13 19h10.01.027071 +0530
0.7	1000	exp	82	10	6	space	1.4244488	None	655	1	[1.9346988999895984]	[1.9347134999989066]	6	10	82	8	619.1332806		619.1195978	619.1332806	620.1334382	620.1334382	620.1334382	621.5675247	space	1.4244488	None	621.5687689	622.2833383	622.5989477	622.5826391	622.5833878	622.5989477	622.5989477	622.5989477	624.5342038	655	1	[1.9346988999895984]	[1.9347134999989066]	3	1	2025-11-13_19h09.40.854	intentional-binding		2025.1.1	60.07102798	2025-11-13 19h10.01.027071 +0530
0.4	1000	exp	83	11	6	space	2.8611526	None	667	1	[2.6546329999982845]	[2.6546845999982907]	6	11	83	10	624.5497271		624.5346106	624.5497271	625.5496286	625.5496286	625.5496286	628.4169586	space	2.8611526	None	628.4182549	628.8327031	629.1458094	629.1294856	629.1300542	629.1458094	629.1458094	629.1458094	631.8012954	667	1	[2.6546329999982845]	[2.6546845999982907]	3	1	2025-11-13_19h09.40.854	intentional-binding		2025.1.1	60.07102798	2025-11-13 19h10.01.027071 +0530
0.7	1000	exp	84	0	7	space	2.1179902	None	788	1	[1.3055243999988306]	[1.305547399999341]	7	0	84	8	631.8164802		631.8019043	631.8164802	632.8159082	632.8159082	632.8159082	634.9501072	space	2.1179902	None	634.9515125	635.6493462	635.9629711	635.9487028	635.9495614	635.9629711	635.9629711	635.9629711	637.2692721	788	1	[1.3055243999988306]	[1.305547399999341]	3	1	2025-11-13_19h09.40.854	intentional-binding		2025.1.1	60.07102798	2025-11-13 19h10.01.027071 +0530
0.1	400	unexp	85	1	7	space	0.7464091	None	677	1	[6.272726600000169]	[6.272737499995856]	7	1	85	0	637.2824431		637.269899	637.2824431	638.2825811	638.2825811	638.2825811	639.0334471	space	0.7464091	None	639.0348385	639.1490938	639.4600005	639.4431223	639.4438738	639.4600005	639.4600005	639.4600005	645.7330648	677	1	[6.272726600000169]	[6.272737499995856]	3	1	2025-11-13_19h09.40.854	intentional-binding		2025.1.1	60.07102798	2025-11-13 19h10.01.027071 +0530
0.7	400	unexp	86	2	7	space	1.8354328	None	544	1	[4.804225100000622]	[4.804235500007053]	7	2	86	2	645.7487012		645.7333827	645.7487012	646.7321465	646.7321465	646.7486175	648.5828901	space	1.8354328	None	648.5839688	649.2820256	649.5950433	649.5812777	649.5820891	649.5950433	649.5950433	649.5950433	654.3996131	544	1	[4.804225100000622]	[4.804235500007053]	3	1	2025-11-13_19h09.40.854	intentional-binding		2025.1.1	60.07102798	2025-11-13 19h10.01.027071 +0530
0.4	1000	exp	87	3	7	space	5.368125	None	766	1	[2.289268099993933]	[2.2892928999935975]	7	3	87	4	654.414891		654.4000519	654.414891	655.4148515	655.4148515	655.4148515	660.798964	space	5.368125	None	660.8001325	661.2146471	661.5262087	661.5141287	661.5149215	661.5262087	661.5262087	661.5262087	663.8163821	766	1	[2.289268099993933]	[2.2892928999935975]	3	1	2025-11-13_19h09.40.854	intentional-binding		2025.1.1	60.07102798	2025-11-13 19h10.01.027071 +0530
0.1	1000	exp	88	4	7	space	4.4064774	None	433	1	[3.6469561999983853]	[3.6469771999982186]	7	4	88	9	663.8310876		663.817004	663.8310876	664.831199	664.831199	664.831199	669.2492627	space	4.4064774	None	669.2506107	669.3646328	669.684663	669.6620526	669.6626443	669.684663	669.684663	669.684663	673.3321194	433	1	[3.6469561999983853]	[3.6469771999982186]	3	1	2025-11-13_19h09.40.854	intentional-binding		2025.1.1	60.07102798	2025-11-13 19h10.01.027071 +0530
0.4	1000	exp	89	5	7	space	10.2579961	None	766	1	[2.1979056999989552]	[2.1979197999899043]	7	5	89	10	673.3471881		673.3326957	673.3471881	674.3473303	674.3473303	674.3473303	684.614368	space	10.2579961	None	684.615644	685.0135329	685.3347557	685.3137606	685.3147038	685.3347557	685.3347557	685.3347557	687.5330904	766	1	[2.1979056999989552]	[2.1979197999899043]	3	1	2025-11-13_19h09.40.854	intentional-binding		2025.1.1	60.07102798	2025-11-13 19h10.01.027071 +0530
0.4	400	unexp	90	6	7	space	1.4526552	None	899	1	[2.5196662999951513]	[2.519688899992616]	7	6	90	1	687.5466788		687.5335038	687.5466788	688.546699	688.546699	688.546699	690.0137609	space	1.4526552	None	690.0147145	690.4133731	690.7283578	690.7096862	690.7102643	690.7283578	690.7283578	690.7283578	693.2488953	899	1	[2.5196662999951513]	[2.519688899992616]	3	1	2025-11-13_19h09.40.854	intentional-binding		2025.1.1	60.07102798	2025-11-13 19h10.01.027071 +0530
0.4	1000	exp	91	7	7	space	0.8573189	None	677	1	[1.2319778999953996]	[1.232000699994387]	7	7	91	7	693.2629545		693.2494608	693.2629545	694.2631624	694.2631624	694.2631624	695.1304453	space	0.8573189	None	695.1313954	695.529541	695.8493385	695.832081	695.8328233	695.8493385	695.8493385	695.8493385	697.08209	677	1	[1.2319778999953996]	[1.232000699994387]	3	1	2025-11-13_19h09.40.854	intentional-binding		2025.1.1	60.07102798	2025-11-13 19h10.01.027071 +0530
0.7	1000	exp	92	8	7	space	1.1803783	None	444	1	[3.377560499997344]	[3.3775753999943845]	7	8	92	5	697.0960142		697.0825536	697.0960142	698.0961386	698.0961386	698.0961386	699.2801832	space	1.1803783	None	699.281122	699.9793768	700.3028969	700.2811327	700.2819405	700.3028969	700.3028969	700.3028969	703.6810861	444	1	[3.377560499997344]	[3.3775753999943845]	3	1	2025-11-13_19h09.40.854	intentional-binding		2025.1.1	60.07102798	2025-11-13 19h10.01.027071 +0530
0.1	1000	exp	93	9	7	space	3.2997264	None	233	1	[2.414298699994106]	[2.4143135999911465]	7	9	93	3	703.6957311		703.6818464	703.6957311	704.6957888	704.6957888	704.6957888	707.996664	space	3.2997264	None	707.9982728	708.0959324	708.415087	708.3932811	708.3938718	708.415087	708.415087	708.415087	710.8298088	233	1	[2.414298699994106]	[2.4143135999911465]	3	1	2025-11-13_19h09.40.854	intentional-binding		2025.1.1	60.07102798	2025-11-13 19h10.01.027071 +0530
0.1	1000	exp	94	10	7	space	17.1858919	None	443	1	[293.87510449999536]	[293.8751160999964]	7	10	94	6	710.8454354		710.8302194	710.8454354	711.8289947	711.8289947	711.8456579	729.0292414	space	17.1858919	None	729.0306463	729.1447467	729.4569301	729.4407304	729.4413481	729.4569301	729.4569301	729.4569301	1023.332379	443	1	[293.87510449999536]	[293.8751160999964]	3	1	2025-11-13_19h09.40.854	intentional-binding		2025.1.1	60.07102798	2025-11-13 19h10.01.027071 +0530
0.7	1000	exp	95	11	7	space	52.5436009	None	300	1	[5.516129900002852]	[5.516153299991856]	7	11	95	11	1023.347174		1023.33271	1023.347174	1024.347358	1024.347358	1024.347358	1076.895541	space	52.5436009	None	1076.897376	1077.611135	1077.929366	1077.914244	1077.914863	1077.929366	1077.929366	1077.929366	1083.44623	300	1	[5.516129900002852]	[5.516153299991856]	3	1	2025-11-13_19h09.40.854	intentional-binding		2025.1.1	60.07102798	2025-11-13 19h10.01.027071 +0530
0.1	1000	exp	96	0	8	space	2.0183472	None	80	1	[5.281294000000344]	[5.28131590000703]	8	0	96	3	1083.460674		1083.4469	1083.460674	1084.460866	1084.460866	1084.460866	1086.495045	space	2.0183472	None	1086.496075	1086.594129	1086.913475	1086.890307	1086.89099	1086.913475	1086.913475	1086.913475	1092.195374	80	1	[5.281294000000344]	[5.28131590000703]	3	1	2025-11-13_19h09.40.854	intentional-binding		2025.1.1	60.07102798	2025-11-13 19h10.01.027071 +0530
0.4	1000	exp	97	1	8	space	1.2899594	None	30	1	[2.8839921000035247]	[2.884007400003611]	8	1	97	4	1092.210215		1092.195965	1092.210215	1093.210304	1093.210304	1093.210304	1094.510931	space	1.2899594	None	1094.511907	1094.910255	1095.226713	1095.212334	1095.212847	1095.226713	1095.226713	1095.226713	1098.111268	30	1	[2.8839921000035247]	[2.884007400003611]	3	1	2025-11-13_19h09.40.854	intentional-binding		2025.1.1	60.07102798	2025-11-13 19h10.01.027071 +0530
0.7	1000	exp	98	2	8	space	198.4313236	None	350	1	[5.152710800000932]	[5.152736100004404]	8	2	98	5	1098.126643		1098.111692	1098.126643	1099.126855	1099.126855	1099.126855	1297.568123	space	198.4313236	None	1297.569399	1298.283756	1298.5981	1298.583162	1298.583878	1298.5981	1298.5981	1298.5981	1303.751564	350	1	[5.152710800000932]	[5.152736100004404]	3	1	2025-11-13_19h09.40.854	intentional-binding		2025.1.1	60.07102798	2025-11-13 19h10.01.027071 +0530
0.7	1000	exp	99	3	8	space	1.4268958	None	380	1	[50.07009910000488]	[50.070114999994985]	8	3	99	11	1303.766611		1303.752187	1303.766611	1304.766638	1304.766638	1304.766638	1306.200548	space	1.4268958	None	1306.201147	1306.899892	1307.212629	1307.19736	1307.198153	1307.212629	1307.212629	1307.212629	1357.283264	380	1	[50.07009910000488]	[50.070114999994985]	3	1	2025-11-13_19h09.40.854	intentional-binding		2025.1.1	60.07102798	2025-11-13 19h10.01.027071 +0530
0.7	400	unexp	100	4	8	space	0.2910449	None	390	1	[18.938013199993293]	[18.938025399998878]	8	4	100	2	1357.297368		1357.283663	1357.297368	1358.297238	1358.297238	1358.297238	1358.598105	space	0.2910449	None	1358.599207	1359.297391	1359.608818	1359.593268	1359.593963	1359.608818	1359.608818	1359.608818	1378.547258	390	1	[18.938013199993293]	[18.938025399998878]	3	1	2025-11-13_19h09.40.854	intentional-binding		2025.1.1	60.07102798	2025-11-13 19h10.01.027071 +0530
0.1	1000	exp	101	5	8	space	0.9353041	None	230	1	[2.8860454999958165]	[2.88606429999345]	8	5	101	9	1378.563011		1378.54745	1378.563011	1379.54655	1379.54655	1379.563101	1380.497288	space	0.9353041	None	1380.498509	1380.613075	1380.927231	1380.913035	1380.913661	1380.927231	1380.927231	1380.927231	1383.813791	230	1	[2.8860454999958165]	[2.88606429999345]	3	1	2025-11-13_19h09.40.854	intentional-binding		2025.1.1	60.07102798	2025-11-13 19h10.01.027071 +0530
0.1	1000	exp	102	6	8	space	0.8233326	None	100	1	[4.055457499998738]	[4.055480499999248]	8	6	102	6	1383.829441		1383.81417	1383.829441	1384.829546	1384.829546	1384.829546	1385.663483	space	0.8233326	None	1385.66446	1385.762853	1386.075617	1386.060243	1386.060894	1386.075617	1386.075617	1386.075617	1390.131831	100	1	[4.055457499998738]	[4.055480499999248]	3	1	2025-11-13_19h09.40.854	intentional-binding		2025.1.1	60.07102798	2025-11-13 19h10.01.027071 +0530
0.7	1000	exp	103	7	8	space	0.3283598	None	220	1	[4.132136700005503]	[4.132159700006014]	8	7	103	8	1390.145591		1390.132371	1390.145591	1391.145772	1391.145772	1391.145772	1391.479779	space	0.3283598	None	1391.480914	1392.179069	1392.499293	1392.482911	1392.483506	1392.499293	1392.499293	1392.499293	1396.632221	220	1	[4.132136700005503]	[4.132159700006014]	3	1	2025-11-13_19h09.40.854	intentional-binding		2025.1.1	60.07102798	2025-11-13 19h10.01.027071 +0530
0.4	1000	exp	104	8	8	space	1.686985	None	300	1	[65.61698140000226]	[65.61699530000624]	8	8	104	10	1396.645423		1396.632815	1396.645423	1397.645563	1397.645563	1397.645563	1399.346381	space	1.686985	None	1399.347772	1399.745523	1400.059067	1400.043606	1400.044613	1400.059067	1400.059067	1400.059067	1465.676463	300	1	[65.61698140000226]	[65.61699530000624]	3	1	2025-11-13_19h09.40.854	intentional-binding		2025.1.1	60.07102798	2025-11-13 19h10.01.027071 +0530
0.4	400	unexp	105	9	8	space	0.5050935	None	356	1	[7.192459800004144]	[7.192474100011168]	8	9	105	1	1465.692278		1465.676852	1465.692278	1466.692209	1466.692209	1466.692209	1467.209514	space	0.5050935	None	1467.210761	1467.608852	1467.917072	1467.902383	1467.902968	1467.917072	1467.917072	1467.917072	1475.11007	356	1	[7.192459800004144]	[7.192474100011168]	3	1	2025-11-13_19h09.40.854	intentional-binding		2025.1.1	60.07102798	2025-11-13 19h10.01.027071 +0530
0.4	1000	exp	106	10	8	space	1.7526032	None	660	1	[9.370279399998253]	[9.370293600004516]	8	10	106	7	1475.124939		1475.11049	1475.124939	1476.125104	1476.125104	1476.125104	1477.892563	space	1.7526032	None	1477.89364	1478.29172	1478.60571	1478.591183	1478.59183	1478.60571	1478.60571	1478.60571	1487.976434	660	1	[9.370279399998253]	[9.370293600004516]	3	1	2025-11-13_19h09.40.854	intentional-binding		2025.1.1	60.07102798	2025-11-13 19h10.01.027071 +0530
0.1	400	unexp	107	11	8	space	0.2864391	None	500	1	[13.502500000002328]	[13.502507299999706]	8	11	107	0	1487.991256		1487.976786	1487.991256	1488.991048	1488.991048	1488.991048	1489.291689	space	0.2864391	None	1489.29271	1489.391114	1489.70612	1489.691971	1489.69256	1489.70612	1489.70612	1489.70612	1503.208895	500	1	[13.502500000002328]	[13.502507299999706]	3	1	2025-11-13_19h09.40.854	intentional-binding		2025.1.1	60.07102798	2025-11-13 19h10.01.027071 +0530
0.7	1000	exp	108	0	9	space	0.6358509	None	346	1	[5.470971000002464]	[5.4709909000084735]	9	0	108	5	1503.223667		1503.209094	1503.223667	1504.223719	1504.223719	1504.223719	1504.874375	space	0.6358509	None	1504.875413	1505.573869	1505.887182	1505.872986	1505.873787	1505.887182	1505.887182	1505.887182	1511.358826	346	1	[5.470971000002464]	[5.4709909000084735]	3	1	2025-11-13_19h09.40.854	intentional-binding		2025.1.1	60.07102798	2025-11-13 19h10.01.027071 +0530
0.4	1000	exp	109	1	9	space	0.8153548	None	334	1	[2.603400599997258]	[2.6034175000095274]	9	1	109	4	1511.373198		1511.359504	1511.373198	1512.373394	1512.373394	1512.373394	1513.190506	space	0.8153548	None	1513.191508	1513.589804	1513.903593	1513.889656	1513.890297	1513.903593	1513.903593	1513.903593	1516.507518	334	1	[2.603400599997258]	[2.6034175000095274]	3	1	2025-11-13_19h09.40.854	intentional-binding		2025.1.1	60.07102798	2025-11-13 19h10.01.027071 +0530
0.7	1000	exp	110	2	9	space	1.1250007	None	443	1	[2.9128855999879306]	[2.9129042999993544]	9	2	110	11	1516.522954		1516.507999	1516.522954	1517.52303	1517.52303	1517.52303	1518.657159	space	1.1250007	None	1518.658426	1519.372832	1519.694251	1519.670012	1519.670839	1519.694251	1519.694251	1519.694251	1522.607624	443	1	[2.9128855999879306]	[2.9129042999993544]	3	1	2025-11-13_19h09.40.854	intentional-binding		2025.1.1	60.07102798	2025-11-13 19h10.01.027071 +0530
0.4	1000	exp	111	3	9	space	0.2563442	None	332	1	[1.780279900005553]	[1.7802992000069935]	9	3	111	7	1522.622697		1522.608007	1522.622697	1523.62282	1523.62282	1523.62282	1523.890122	space	0.2563442	None	1523.891212	1524.289346	1524.609693	1524.588425	1524.589741	1524.609693	1524.609693	1524.609693	1526.390621	332	1	[1.780279900005553]	[1.7802992000069935]	3	1	2025-11-13_19h09.40.854	intentional-binding		2025.1.1	60.07102798	2025-11-13 19h10.01.027071 +0530
0.7	1000	exp	112	4	9	space	1.9037316	None	332	1	[3.2960284000000684]	[3.29605229999288]	9	4	112	8	1526.405758		1526.391188	1526.405758	1527.405912	1527.405912	1527.405912	1529.323421	space	1.9037316	None	1529.324901	1530.038823	1530.360805	1530.339993	1530.3409	1530.360805	1530.360805	1530.360805	1533.657561	332	1	[3.2960284000000684]	[3.29605229999288]	3	1	2025-11-13_19h09.40.854	intentional-binding		2025.1.1	60.07102798	2025-11-13 19h10.01.027071 +0530
0.1	1000	exp	113	5	9	space	0.3654343	None	443	1	[1.7180020999949193]	[1.7180223000032129]	9	5	113	6	1533.672133		1533.658285	1533.672133	1534.672396	1534.672396	1534.672396	1535.039654	space	0.3654343	None	1535.040654	1535.138912	1535.455075	1535.438274	1535.439039	1535.455075	1535.455075	1535.455075	1537.173739	443	1	[1.7180020999949193]	[1.7180223000032129]	3	1	2025-11-13_19h09.40.854	intentional-binding		2025.1.1	60.07102798	2025-11-13 19h10.01.027071 +0530
0.1	1000	exp	114	6	9	space	0.687522	None	39	1	[6.90263359999517]	[6.902642100001685]	9	6	114	9	1537.18838		1537.174218	1537.18838	1538.188611	1538.188611	1538.188611	1538.889335	space	0.687522	None	1538.890323	1538.988747	1539.303102	1539.283128	1539.283696	1539.303102	1539.303102	1539.303102	1546.20607	39	1	[6.90263359999517]	[6.902642100001685]	3	1	2025-11-13_19h09.40.854	intentional-binding		2025.1.1	60.07102798	2025-11-13 19h10.01.027071 +0530
0.1	400	unexp	115	7	9	space	0.8608015	None	80	1	[5.002194899992901]	[5.002212199993664]	9	7	115	0	1546.2214		1546.206346	1546.2214	1547.221713	1547.221713	1547.221713	1548.089011	space	0.8608015	None	1548.090021	1548.204972	1548.51961	1548.505029	1548.505692	1548.51961	1548.51961	1548.51961	1553.522325	80	1	[5.002194899992901]	[5.002212199993664]	3	1	2025-11-13_19h09.40.854	intentional-binding		2025.1.1	60.07102798	2025-11-13 19h10.01.027071 +0530
0.4	1000	exp	116	8	9	space	0.4972536	None	345	1	[3.630942400006461]	[3.6309570000012172]	9	8	116	10	1553.537853		1553.522719	1553.537853	1554.537727	1554.537727	1554.537727	1555.038683	space	0.4972536	None	1555.039763	1555.43787	1555.740982	1555.731206	1555.731612	1555.740982	1555.740982	1555.740982	1559.372356	345	1	[3.630942400006461]	[3.6309570000012172]	3	1	2025-11-13_19h09.40.854	intentional-binding		2025.1.1	60.07102798	2025-11-13 19h10.01.027071 +0530
0.7	400	unexp	117	9	9	space	0.2586347	None	333	1	[3.835603599989554]	[3.8356175999942934]	9	9	117	2	1559.387828		1559.372722	1559.387828	1560.387694	1560.387694	1560.387694	1560.654893	space	0.2586347	None	1560.65598	1561.354053	1561.668857	1561.653902	1561.654455	1561.668857	1561.668857	1561.668857	1565.504889	333	1	[3.835603599989554]	[3.8356175999942934]	3	1	2025-11-13_19h09.40.854	intentional-binding		2025.1.1	60.07102798	2025-11-13 19h10.01.027071 +0530
0.4	400	unexp	118	10	9	space	0.5278275	None	221	1	[2.915518100009649]	[2.9155314000090584]	9	10	118	1	1565.520548		1565.505279	1565.520548	1566.520536	1566.520536	1566.520536	1567.054872	space	0.5278275	None	1567.057089	1567.470486	1567.788666	1567.773816	1567.774384	1567.788666	1567.788666	1567.788666	1570.704694	221	1	[2.915518100009649]	[2.9155314000090584]	3	1	2025-11-13_19h09.40.854	intentional-binding		2025.1.1	60.07102798	2025-11-13 19h10.01.027071 +0530
0.1	1000	exp	119	11	9	space	0.8622436	None	30	1	[8.06953349999094]	[8.069571799991536]	9	11	119	3	1570.720264		1570.705093	1570.720264	1571.720394	1571.720394	1571.720394	1572.587799	space	0.8622436	None	1572.588843	1572.687063	1573.002179	1572.98297	1572.983523	1573.002179	1573.002179	1573.002179	1581.072207	30	1	[8.06953349999094]	[8.069571799991536]	3	1	2025-11-13_19h09.40.854	intentional-binding		2025.1.1	60.07102798	2025-11-13 19h10.01.027071 +0530
0.7	400	unexp	120	0	10	space	0.4664566	None	99	1	[4.5845224000077]	[4.5845356000063475]	10	0	120	2	1581.086728		1581.072612	1581.086728	1582.086597	1582.086597	1582.086597	1582.570468	space	0.4664566	None	1582.571553	1583.269852	1583.585487	1583.57101	1583.571599	1583.585487	1583.585487	1583.585487	1588.170683	99	1	[4.5845224000077]	[4.5845356000063475]	3	1	2025-11-13_19h09.40.854	intentional-binding		2025.1.1	60.07102798	2025-11-13 19h10.01.027071 +0530
0.4	1000	exp	121	1	10	space	0.2898581	None	99	1	[4.652581300004385]	[4.652595100007602]	10	1	121	7	1588.185947		1588.171034	1588.185947	1589.185974	1589.185974	1589.185974	1589.486881	space	0.2898581	None	1589.488196	1589.886235	1590.200579	1590.184261	1590.18523	1590.200579	1590.200579	1590.200579	1594.853698	99	1	[4.652581300004385]	[4.652595100007602]	3	1	2025-11-13_19h09.40.854	intentional-binding		2025.1.1	60.07102798	2025-11-13 19h10.01.027071 +0530
0.7	1000	exp	122	2	10	space	1.2476118	None	400	1	[6.491272900006152]	[6.49129589999211]	10	2	122	8	1594.869155		1594.854259	1594.869155	1595.869197	1595.869197	1595.869197	1597.120119	space	1.2476118	None	1597.121244	1597.835748	1598.145759	1598.130881	1598.131465	1598.145759	1598.145759	1598.145759	1604.638042	400	1	[6.491272900006152]	[6.49129589999211]	3	1	2025-11-13_19h09.40.854	intentional-binding		2025.1.1	60.07102798	2025-11-13 19h10.01.027071 +0530
0.7	1000	exp	123	3	10	space	0.263928	None	300	1	[7.353803600009996]	[7.353816200004076]	10	3	123	11	1604.652065		1604.638634	1604.652065	1605.652076	1605.652076	1605.652076	1605.91966	space	0.263928	None	1605.921148	1606.618923	1606.93219	1606.916952	1606.918317	1606.93219	1606.93219	1606.93219	1614.286386	300	1	[7.353803600009996]	[7.353816200004076]	3	1	2025-11-13_19h09.40.854	intentional-binding		2025.1.1	60.07102798	2025-11-13 19h10.01.027071 +0530
0.1	1000	exp	124	4	10	space	0.7167469	None	307	1	[7.3694479999976465]	[7.369459099994856]	10	4	124	6	1614.301632		1614.286664	1614.301632	1615.301659	1615.301659	1615.301659	1616.019822	space	0.7167469	None	1616.020864	1616.135102	1616.450521	1616.434306	1616.434949	1616.450521	1616.450521	1616.450521	1623.820331	307	1	[7.3694479999976465]	[7.369459099994856]	3	1	2025-11-13_19h09.40.854	intentional-binding		2025.1.1	60.07102798	2025-11-13 19h10.01.027071 +0530
0.1	1000	exp	125	5	10	space	0.4491244	None	377	1	[4.214083099999698]	[4.21409880000283]	10	5	125	9	1623.834516		1623.820612	1623.834516	1624.834523	1624.834523	1624.834523	1625.285261	space	0.4491244	None	1625.28644	1625.384545	1625.704233	1625.683505	1625.684476	1625.704233	1625.704233	1625.704233	1629.918817	377	1	[4.214083099999698]	[4.21409880000283]	3	1	2025-11-13_19h09.40.854	intentional-binding		2025.1.1	60.07102798	2025-11-13 19h10.01.027071 +0530
0.1	1000	exp	126	6	10	space	0.3018625	None	377	1	[2.6329135999985738]	[2.632929500003229]	10	6	126	3	1629.934171		1629.91921	1629.934171	1630.934119	1630.934119	1630.934119	1631.251389	space	0.3018625	None	1631.252685	1631.350494	1631.668795	1631.650898	1631.652204	1631.668795	1631.668795	1631.668795	1634.302175	377	1	[2.6329135999985738]	[2.632929500003229]	3	1	2025-11-13_19h09.40.854	intentional-binding		2025.1.1	60.07102798	2025-11-13 19h10.01.027071 +0530
0.4	1000	exp	127	7	10	space	0.3802803	None	376	1	[3.717850899993209]	[3.7178671000001486]	10	7	127	10	1634.317304		1634.302584	1634.317304	1635.317303	1635.317303	1635.317303	1635.701154	space	0.3802803	None	1635.70212	1636.10053	1636.416733	1636.397912	1636.398585	1636.416733	1636.416733	1636.416733	1640.135074	376	1	[3.717850899993209]	[3.7178671000001486]	3	1	2025-11-13_19h09.40.854	intentional-binding		2025.1.1	60.07102798	2025-11-13 19h10.01.027071 +0530
0.7	1000	exp	128	8	10	space	0.5818364	None	339	1	[2.208341900011874]	[2.2083661000069696]	10	8	128	5	1640.150583		1640.135426	1640.150583	1641.150366	1641.150366	1641.150366	1641.734144	space	0.5818364	None	1641.735117	1642.433372	1642.74395	1642.729856	1642.730415	1642.74395	1642.74395	1642.74395	1644.953044	339	1	[2.208341900011874]	[2.2083661000069696]	3	1	2025-11-13_19h09.40.854	intentional-binding		2025.1.1	60.07102798	2025-11-13 19h10.01.027071 +0530
0.1	400	unexp	129	9	10	space	0.5623836	None	289	1	[8.3677774000098]	[8.367797400002019]	10	9	129	0	1644.966618		1644.953668	1644.966618	1645.96694	1645.96694	1645.96694	1646.533842	space	0.5623836	None	1646.534857	1646.633474	1646.950043	1646.934398	1646.935041	1646.950043	1646.950043	1646.950043	1655.318568	289	1	[8.3677774000098]	[8.367797400002019]	3	1	2025-11-13_19h09.40.854	intentional-binding		2025.1.1	60.07102798	2025-11-13 19h10.01.027071 +0530
0.4	400	unexp	130	10	10	space	0.3999461	None	221	1	[4.0257088000071235]	[4.025728900000104]	10	10	130	1	1655.332971		1655.319094	1655.332971	1656.332898	1656.332898	1656.332898	1656.73414	space	0.3999461	None	1656.735719	1657.149445	1657.458042	1657.44338	1657.44393	1657.458042	1657.458042	1657.458042	1661.484372	221	1	[4.0257088000071235]	[4.025728900000104]	3	1	2025-11-13_19h09.40.854	intentional-binding		2025.1.1	60.07102798	2025-11-13 19h10.01.027071 +0530
0.4	1000	exp	131	11	10	space	1.6535656	None	440	1	[17.533283400000073]	[17.53363150000223]	10	11	131	4	1661.49916		1661.484894	1661.49916	1662.499381	1662.499381	1662.499381	1664.166826	space	1.6535656	None	1664.168194	1664.582711	1664.899554	1664.884172	1664.884759	1664.899554	1664.899554	1664.899554	1682.433677	440	1	[17.533283400000073]	[17.53363150000223]	3	1	2025-11-13_19h09.40.854	intentional-binding		2025.1.1	60.07102798	2025-11-13 19h10.01.027071 +0530
0.1	400	unexp	132	0	11	space	3.0512074	None	222	1	[3.5065414999990026]	[3.5065570999868214]	11	0	132	0	1682.448362		1682.434115	1682.448362	1683.448344	1683.448344	1683.448344	1686.515693	space	3.0512074	None	1686.516798	1686.614823	1686.925286	1686.910371	1686.910988	1686.925286	1686.925286	1686.925286	1690.432266	222	1	[3.5065414999990026]	[3.5065570999868214]	3	1	2025-11-13_19h09.40.854	intentional-binding		2025.1.1	60.07102798	2025-11-13 19h10.01.027071 +0530
0.4	1000	exp	133	1	11	space	1.1097358	None	332	1	[3.1721692999999505]	[3.1721835999924224]	11	1	133	7	1690.447872		1690.432634	1690.447872	1691.447829	1691.447829	1691.447829	1692.565446	space	1.1097358	None	1692.567263	1692.964637	1693.276228	1693.259488	1693.260049	1693.276228	1693.276228	1693.276228	1696.448888	332	1	[3.1721692999999505]	[3.1721835999924224]	3	1	2025-11-13_19h09.40.854	intentional-binding		2025.1.1	60.07102798	2025-11-13 19h10.01.027071 +0530
0.1	1000	exp	134	2	11	space	0.2489419	None	89	1	[4.815453600007459]	[4.81547750000027]	11	2	134	6	1696.464569		1696.449506	1696.464569	1697.464309	1697.464309	1697.464309	1697.714764	space	0.2489419	None	1697.715767	1697.814355	1698.133611	1698.114313	1698.114922	1698.133611	1698.133611	1698.133611	1702.949746	89	1	[4.815453600007459]	[4.81547750000027]	3	1	2025-11-13_19h09.40.854	intentional-binding		2025.1.1	60.07102798	2025-11-13 19h10.01.027071 +0530
0.4	400	unexp	135	3	11	space	1.478243	None	677	1	[5.253455300000496]	[5.253470099996775]	11	3	135	1	1702.963851		1702.950396	1702.963851	1703.963898	1703.963898	1703.963898	1705.448604	space	1.478243	None	1705.45007	1705.86405	1706.177286	1706.162493	1706.163687	1706.177286	1706.177286	1706.177286	1711.431196	677	1	[5.253455300000496]	[5.253470099996775]	3	1	2025-11-13_19h09.40.854	intentional-binding		2025.1.1	60.07102798	2025-11-13 19h10.01.027071 +0530
0.7	1000	exp	136	4	11	space	15.1251859	None	"876
"	1	[3.140714300010586]	[3.1407274000084726]	11	4	136	8	1711.446762		1711.431584	1711.446762	1712.446923	1712.446923	1712.446923	1727.580067	space	15.1251859	None	1727.581181	1728.279482	1728.589341	1728.573452	1728.574229	1728.589341	1728.589341	1728.589341	1731.730456	"876
"	1	[3.140714300010586]	[3.1407274000084726]	3	1	2025-11-13_19h09.40.854	intentional-binding		2025.1.1	60.07102798	2025-11-13 19h10.01.027071 +0530
0.7	1000	exp	137	5	11	space	1.1960732	None	977	1	[1.680072699993616]	[1.6801045000029262]	11	5	137	5	1731.745811		1731.730819	1731.745811	1732.745928	1732.745928	1732.745928	1733.946494	space	1.1960732	None	1733.947961	1734.645779	1734.949687	1734.939135	1734.939656	1734.949687	1734.949687	1734.949687	1736.630437	977	1	[1.680072699993616]	[1.6801045000029262]	3	1	2025-11-13_19h09.40.854	intentional-binding		2025.1.1	60.07102798	2025-11-13 19h10.01.027071 +0530
0.1	1000	exp	138	6	11	space	1.1071489	None	655	1	[2.0699309000046924]	[2.0699534000013955]	11	6	138	9	1736.645565		1736.630863	1736.645565	1737.645595	1737.645595	1737.645595	1738.763015	space	1.1071489	None	1738.764057	1738.862244	1739.176326	1739.15934	1739.160042	1739.176326	1739.176326	1739.176326	1741.246826	655	1	[2.0699309000046924]	[2.0699534000013955]	3	1	2025-11-13_19h09.40.854	intentional-binding		2025.1.1	60.07102798	2025-11-13 19h10.01.027071 +0530
0.7	1000	exp	139	7	11	space	0.5656563	None	865	1	[2.2739150999987032]	[2.2739315000071656]	11	7	139	11	1741.262092		1741.247381	1741.262092	1742.262031	1742.262031	1742.262031	1742.829721	space	0.5656563	None	1742.830914	1743.545457	1743.855326	1743.839213	1743.839815	1743.855326	1743.855326	1743.855326	1746.129697	865	1	[2.2739150999987032]	[2.2739315000071656]	3	1	2025-11-13_19h09.40.854	intentional-binding		2025.1.1	60.07102798	2025-11-13 19h10.01.027071 +0530
0.7	400	unexp	140	8	11	space	2.9171282	None	765	1	[3.70707350000157]	[3.707088000010117]	11	8	140	2	1746.145135		1746.130249	1746.145135	1747.145218	1747.145218	1747.145218	1750.078922	space	2.9171282	None	1750.079961	1750.778413	1751.088134	1751.073239	1751.073825	1751.088134	1751.088134	1751.088134	1754.795676	765	1	[3.70707350000157]	[3.707088000010117]	3	1	2025-11-13_19h09.40.854	intentional-binding		2025.1.1	60.07102798	2025-11-13 19h10.01.027071 +0530
0.4	1000	exp	141	9	11	space	0.8412954	None	543	1	[1.751476500008721]	[1.75149280000187]	11	9	141	10	1754.811429		1754.796072	1754.811429	1755.811596	1755.811596	1755.811596	1756.662318	space	0.8412954	None	1756.663689	1757.078214	1757.394208	1757.377787	1757.378906	1757.394208	1757.394208	1757.394208	1759.146288	543	1	[1.751476500008721]	[1.75149280000187]	3	1	2025-11-13_19h09.40.854	intentional-binding		2025.1.1	60.07102798	2025-11-13 19h10.01.027071 +0530
0.4	1000	exp	142	10	11	space	1.1508131	None	654	1	[1.5546899999899324]	[1.5547071999899345]	11	10	142	4	1759.161235		1759.146678	1759.161235	1760.161213	1760.161213	1760.161213	1761.32861	space	1.1508131	None	1761.329765	1761.727722	1762.040625	1762.024271	1762.024885	1762.040625	1762.040625	1762.040625	1763.595768	654	1	[1.5546899999899324]	[1.5547071999899345]	3	1	2025-11-13_19h09.40.854	intentional-binding		2025.1.1	60.07102798	2025-11-13 19h10.01.027071 +0530
0.1	1000	exp	143	11	11	space	1.3016371	None	433	1	[1.4725955999892903]	[1.47260589999496]	11	11	143	3	1763.610893		1763.596116	1763.610893	1764.610981	1764.610981	1764.610981	1765.928202	space	1.3016371	None	1765.929459	1766.02763	1766.33899	1766.323062	1766.323626	1766.33899	1766.33899	1766.33899	1767.811923	433	1	[1.4725955999892903]	[1.47260589999496]	3	1	2025-11-13_19h09.40.854	intentional-binding		2025.1.1	60.07102798	2025-11-13 19h10.01.027071 +0530
0.7	1000	exp	144	0	12	space	0.7074328	None	765	1	[1.3453109999973094]	[1.3453321999986656]	12	0	144	11	1767.827674		1767.812215	1767.827674	1768.827412	1768.827412	1768.827412	1769.544995	space	0.7074328	None	1769.546005	1770.260721	1770.583857	1770.563315	1770.564194	1770.583857	1770.583857	1770.583857	1771.929768	765	1	[1.3453109999973094]	[1.3453321999986656]	3	1	2025-11-13_19h09.40.854	intentional-binding		2025.1.1	60.07102798	2025-11-13 19h10.01.027071 +0530
0.4	400	unexp	145	1	12	space	0.6112128	None	433	1	[1.430980000004638]	[1.4309968000015942]	12	1	145	1	1771.943838		1771.930177	1771.943838	1772.943942	1772.943942	1772.943942	1773.561113	space	0.6112128	None	1773.5621	1773.960576	1774.281188	1774.262465	1774.263269	1774.281188	1774.281188	1774.281188	1775.712783	433	1	[1.430980000004638]	[1.4309968000015942]	3	1	2025-11-13_19h09.40.854	intentional-binding		2025.1.1	60.07102798	2025-11-13 19h10.01.027071 +0530
0.7	1000	exp	146	2	12	space	0.7405326	None	655	1	[3.3191525000002002]	[3.319163899999694]	12	2	146	8	1775.72685		1775.713121	1775.72685	1776.726926	1776.726926	1776.726926	1777.477712	space	0.7405326	None	1777.47878	1778.176975	1778.491378	1778.472501	1778.473065	1778.491378	1778.491378	1778.491378	1781.810886	655	1	[3.3191525000002002]	[3.319163899999694]	3	1	2025-11-13_19h09.40.854	intentional-binding		2025.1.1	60.07102798	2025-11-13 19h10.01.027071 +0530
0.4	1000	exp	147	3	12	space	1.4474144	None	433	1	[1.3633933999954024]	[1.3634069999970961]	12	3	147	7	1781.826585		1781.811156	1781.826585	1782.826689	1782.826689	1782.826689	1784.277408	space	1.4474144	None	1784.278683	1784.693142	1784.997534	1784.989847	1784.990263	1784.997534	1784.997534	1784.997534	1786.36138	433	1	[1.3633933999954024]	[1.3634069999970961]	3	1	2025-11-13_19h09.40.854	intentional-binding		2025.1.1	60.07102798	2025-11-13 19h10.01.027071 +0530
0.1	400	unexp	148	4	12	space	1.0036401	None	322	1	[1.2631104000029154]	[1.2631296000035945]	12	4	148	0	1786.376362		1786.361748	1786.376362	1787.376428	1787.376428	1787.376428	1788.393935	space	1.0036401	None	1788.395331	1788.509899	1788.83078	1788.812193	1788.813022	1788.83078	1788.83078	1788.83078	1790.09451	322	1	[1.2631104000029154]	[1.2631296000035945]	3	1	2025-11-13_19h09.40.854	intentional-binding		2025.1.1	60.07102798	2025-11-13 19h10.01.027071 +0530
0.1	1000	exp	149	5	12	space	0.4121484	None	211	1	[3.017634600008023]	[3.0176447999983793]	12	5	149	9	1790.109639		1790.09512	1790.109639	1791.109791	1791.109791	1791.109791	1791.527036	space	0.4121484	None	1791.528388	1791.626252	1791.943007	1791.922818	1791.923397	1791.943007	1791.943007	1791.943007	1794.961009	211	1	[3.017634600008023]	[3.0176447999983793]	3	1	2025-11-13_19h09.40.854	intentional-binding		2025.1.1	60.07102798	2025-11-13 19h10.01.027071 +0530
0.4	1000	exp	150	6	12	space	1.0371973	None	655	1	[1.4753043000091566]	[1.4753199000115274]	12	6	150	10	1794.976033		1794.961258	1794.976033	1795.975986	1795.975986	1795.975986	1797.026768	space	1.0371973	None	1797.028114	1797.426138	1797.734715	1797.723216	1797.723714	1797.734715	1797.734715	1797.734715	1799.210508	655	1	[1.4753043000091566]	[1.4753199000115274]	3	1	2025-11-13_19h09.40.854	intentional-binding		2025.1.1	60.07102798	2025-11-13 19h10.01.027071 +0530
0.1	1000	exp	151	7	12	space	1.4724202	None	222	1	[1.553931599992211]	[1.5539468000060879]	12	7	151	3	1799.225788		1799.21106	1799.225788	1800.225961	1800.225961	1800.225961	1801.710671	space	1.4724202	None	1801.712195	1801.825827	1802.139055	1802.12502	1802.125786	1802.139055	1802.139055	1802.139055	1803.693472	222	1	[1.553931599992211]	[1.5539468000060879]	3	1	2025-11-13_19h09.40.854	intentional-binding		2025.1.1	60.07102798	2025-11-13 19h10.01.027071 +0530
0.7	1000	exp	152	8	12	space	1.2497418	None	655	1	[1.9679794999974547]	[1.9679988999996567]	12	8	152	5	1803.709114		1803.693847	1803.709114	1804.708924	1804.708924	1804.708924	1805.960124	space	1.2497418	None	1805.961257	1806.67565	1806.991575	1806.972548	1806.973154	1806.991575	1806.991575	1806.991575	1808.960056	655	1	[1.9679794999974547]	[1.9679988999996567]	3	1	2025-11-13_19h09.40.854	intentional-binding		2025.1.1	60.07102798	2025-11-13 19h10.01.027071 +0530
0.7	400	unexp	153	9	12	space	0.3109623	None	322	1	[1.704256199998781]	[1.704266100001405]	12	9	153	2	1808.975475		1808.960434	1808.975475	1809.975528	1809.975528	1809.975528	1810.292724	space	0.3109623	None	1810.29387	1810.992042	1811.305443	1811.292027	1811.292578	1811.305443	1811.305443	1811.305443	1813.010053	322	1	[1.704256199998781]	[1.704266100001405]	3	1	2025-11-13_19h09.40.854	intentional-binding		2025.1.1	60.07102798	2025-11-13 19h10.01.027071 +0530
0.1	1000	exp	154	10	12	space	12.7153557	None	433	1	[1.944293699998525]	[1.9443030999973416]	12	10	154	6	1813.025283		1813.010303	1813.025283	1814.025039	1814.025039	1814.025039	1826.741629	space	12.7153557	None	1826.742378	1826.841372	1827.148672	1827.140446	1827.14078	1827.148672	1827.148672	1827.148672	1829.093307	433	1	[1.944293699998525]	[1.9443030999973416]	3	1	2025-11-13_19h09.40.854	intentional-binding		2025.1.1	60.07102798	2025-11-13 19h10.01.027071 +0530
0.4	1000	exp	155	11	12	space	0.8585343	None	433	1	[2.0928841999993892]	[2.0928952999965986]	12	11	155	4	1829.108375		1829.093526	1829.108375	1830.107566	1830.107566	1830.107566	1830.974873	space	0.8585343	None	1830.975812	1831.374409	1831.682987	1831.671018	1831.671527	1831.682987	1831.682987	1831.682987	1833.776278	433	1	[2.0928841999993892]	[2.0928952999965986]	3	1	2025-11-13_19h09.40.854	intentional-binding		2025.1.1	60.07102798	2025-11-13 19h10.01.027071 +0530
0.7	1000	exp	156	0	13	space	1.2789257	None	655	1	[1.6609938999899896]	[1.6609989999997197]	13	0	156	11	1833.791183		1833.776534	1833.791183	1834.790662	1834.790662	1834.790662	1836.074527	space	1.2789257	None	1836.075138	1836.774083	1837.080695	1837.072378	1837.072994	1837.080695	1837.080695	1837.080695	1838.7419	655	1	[1.6609938999899896]	[1.6609989999997197]	3	1	2025-11-13_19h09.40.854	intentional-binding		2025.1.1	60.07102798	2025-11-13 19h10.01.027071 +0530
0.1	400	unexp	157	1	13	space	4.2428839	None	433	1	[1.6167445000028238]	[1.616751599998679]	13	1	157	0	1838.757732		1838.742057	1838.757732	1839.757594	1839.757594	1839.757594	1844.007572	space	4.2428839	None	1844.00798	1844.106928	1844.407608	1844.400087	1844.400461	1844.407608	1844.407608	1844.407608	1846.02458	433	1	[1.6167445000028238]	[1.616751599998679]	3	1	2025-11-13_19h09.40.854	intentional-binding		2025.1.1	60.07102798	2025-11-13 19h10.01.027071 +0530
0.7	400	unexp	158	2	13	space	3.2708959	None	546	1	[1.897723700007191]	[1.8977339999983087]	13	2	158	2	1846.040577		1846.02474	1846.040577	1847.023523	1847.023523	1847.040117	1850.307668	space	3.2708959	None	1850.30826	1851.00686	1851.310377	1851.302945	1851.303275	1851.310377	1851.310377	1851.310377	1853.208401	546	1	[1.897723700007191]	[1.8977339999983087]	3	1	2025-11-13_19h09.40.854	intentional-binding		2025.1.1	60.07102798	2025-11-13 19h10.01.027071 +0530
0.7	1000	exp	159	3	13	space	0.8810077	None	655	1	[2.441681600001175]	[2.4416950000013458]	13	3	159	5	1853.223424		1853.208615	1853.223424	1854.223058	1854.223058	1854.223058	1855.107182	space	0.8810077	None	1855.107649	1855.806379	1856.115373	1856.100348	1856.101117	1856.115373	1856.115373	1856.115373	1858.557458	655	1	[2.441681600001175]	[2.4416950000013458]	3	1	2025-11-13_19h09.40.854	intentional-binding		2025.1.1	60.07102798	2025-11-13 19h10.01.027071 +0530
0.7	1000	exp	160	4	13	space	0.9427239	None	877	1	[3.5613948999962304]	[3.561399900005199]	13	4	160	8	1858.573351		1858.557738	1858.573351	1859.572915	1859.572915	1859.572915	1860.523409	space	0.9427239	None	1860.523811	1861.22303	1861.529316	1861.519176	1861.519505	1861.529316	1861.529316	1861.529316	1865.090898	877	1	[3.5613948999962304]	[3.561399900005199]	3	1	2025-11-13_19h09.40.854	intentional-binding		2025.1.1	60.07102798	2025-11-13 19h10.01.027071 +0530
0.1	1000	exp	161	5	13	space	0.9061213	None	433	1	[1.9746696000074735]	[1.9746756000095047]	13	5	161	6	1865.10601		1865.091049	1865.10601	1866.106402	1866.106402	1866.106402	1867.023225	space	0.9061213	None	1867.023635	1867.122654	1867.432236	1867.42357	1867.424009	1867.432236	1867.432236	1867.432236	1869.407209	433	1	[1.9746696000074735]	[1.9746756000095047]	3	1	2025-11-13_19h09.40.854	intentional-binding		2025.1.1	60.07102798	2025-11-13 19h10.01.027071 +0530
0.4	1000	exp	162	6	13	space	0.8084927	None	555	1	[2.2295080999901984]	[2.2295171999867307]	13	6	162	7	1869.42323		1869.407461	1869.42323	1870.422167	1870.422167	1870.422167	1871.239544	space	0.8084927	None	1871.239917	1871.638863	1871.943596	1871.935087	1871.935443	1871.943596	1871.943596	1871.943596	1874.173423	555	1	[2.2295080999901984]	[2.2295171999867307]	3	1	2025-11-13_19h09.40.854	intentional-binding		2025.1.1	60.07102798	2025-11-13 19h10.01.027071 +0530
0.4	400	unexp	163	7	13	space	0.3120015	None	433	1	[1.3172382000047946]	[1.3172482999943895]	13	7	163	1	1874.189323		1874.173673	1874.189323	1875.188729	1875.188729	1875.188729	1875.506187	space	0.3120015	None	1875.506704	1875.905344	1876.206055	1876.199709	1876.200032	1876.206055	1876.206055	1876.206055	1877.52365	433	1	[1.3172382000047946]	[1.3172482999943895]	3	1	2025-11-13_19h09.40.854	intentional-binding		2025.1.1	60.07102798	2025-11-13 19h10.01.027071 +0530
0.4	1000	exp	164	8	13	space	0.41351	None	333	1	[3.8785366999945836]	[3.8785542999976315]	13	8	164	10	1877.538594		1877.523981	1877.538594	1878.538527	1878.538527	1878.538527	1878.955563	space	0.41351	None	1878.956172	1879.355153	1879.660972	1879.652117	1879.652416	1879.660972	1879.660972	1879.660972	1883.539808	333	1	[3.8785366999945836]	[3.8785542999976315]	3	1	2025-11-13_19h09.40.854	intentional-binding		2025.1.1	60.07102798	2025-11-13 19h10.01.027071 +0530
0.1	1000	exp	165	9	13	space	0.8827534	None	433	1	[1.627419700002065]	[1.6274320000084117]	13	9	165	9	1883.554997		1883.54005	1883.554997	1884.55523	1884.55523	1884.55523	1885.438847	space	0.8827534	None	1885.439605	1885.538037	1885.844779	1885.834702	1885.835088	1885.844779	1885.844779	1885.844779	1887.472617	433	1	[1.627419700002065]	[1.6274320000084117]	3	1	2025-11-13_19h09.40.854	intentional-binding		2025.1.1	60.07102798	2025-11-13 19h10.01.027071 +0530
0.4	1000	exp	166	10	13	space	0.3032275	None	222	1	[1.9308850999950664]	[1.9308923999924446]	13	10	166	4	1887.488354		1887.472889	1887.488354	1888.488074	1888.488074	1888.488074	1888.805396	space	0.3032275	None	1888.805817	1889.204899	1889.507489	1889.501107	1889.501396	1889.507489	1889.507489	1889.507489	1891.438613	222	1	[1.9308850999950664]	[1.9308923999924446]	3	1	2025-11-13_19h09.40.854	intentional-binding		2025.1.1	60.07102798	2025-11-13 19h10.01.027071 +0530
0.1	1000	exp	167	11	13	space	0.4323646	None	544	1	[1.6315381999884266]	[1.6315451999980723]	13	11	167	3	1891.454727		1891.43886	1891.454727	1892.454966	1892.454966	1892.454966	1892.888482	space	0.4323646	None	1892.889062	1892.987907	1893.290492	1893.283199	1893.283487	1893.290492	1893.290492	1893.290492	1894.922335	544	1	[1.6315381999884266]	[1.6315451999980723]	3	1	2025-11-13_19h09.40.854	intentional-binding		2025.1.1	60.07102798	2025-11-13 19h10.01.027071 +0530
0.7	1000	exp	168	0	14	space	0.6178495	None	344	1	[1.9448427000024822]	[1.9448538000142435]	14	0	168	5	1894.937671		1894.92253	1894.937671	1895.921305	1895.921305	1895.938103	1896.555252	space	0.6178495	None	1896.555844	1897.25433	1897.560248	1897.553557	1897.554018	1897.560248	1897.560248	1897.560248	1899.505467	344	1	[1.9448427000024822]	[1.9448538000142435]	3	1	2025-11-13_19h09.40.854	intentional-binding		2025.1.1	60.07102798	2025-11-13 19h10.01.027071 +0530
0.7	1000	exp	169	1	14	space	2.1509197	None	799	1	[2.3458831000025384]	[2.345892700002878]	14	1	169	8	1899.520951		1899.505712	1899.520951	1900.52089	1900.52089	1900.52089	1902.688239	space	2.1509197	None	1902.68871	1903.387735	1903.692566	1903.682581	1903.682856	1903.692566	1903.692566	1903.692566	1906.038777	799	1	[2.3458831000025384]	[2.345892700002878]	3	1	2025-11-13_19h09.40.854	intentional-binding		2025.1.1	60.07102798	2025-11-13 19h10.01.027071 +0530
0.4	1000	exp	170	2	14	space	0.7011606	None	555	1	[1.824983099999372]	[1.8249930000019958]	14	2	170	10	1906.05435		1906.039004	1906.05435	1907.053915	1907.053915	1907.053915	1907.770636	space	0.7011606	None	1907.77132	1908.170546	1908.479351	1908.472933	1908.473431	1908.479351	1908.479351	1908.479351	1910.30465	555	1	[1.824983099999372]	[1.8249930000019958]	3	1	2025-11-13_19h09.40.854	intentional-binding		2025.1.1	60.07102798	2025-11-13 19h10.01.027071 +0530
0.7	400	unexp	171	3	14	space	0.784482	None	899	1	[1.3756710000016028]	[1.3756867999909446]	14	3	171	2	1910.320833		1910.304898	1910.320833	1911.320363	1911.320363	1911.320363	1912.121053	space	0.784482	None	1912.121481	1912.820352	1913.129146	1913.123471	1913.123757	1913.129146	1913.129146	1913.129146	1914.505253	899	1	[1.3756710000016028]	[1.3756867999909446]	3	1	2025-11-13_19h09.40.854	intentional-binding		2025.1.1	60.07102798	2025-11-13 19h10.01.027071 +0530
0.4	1000	exp	172	4	14	space	0.5241479	None	466	1	[3.035300500006997]	[3.0353087999974377]	14	4	172	7	1914.520105		1914.50562	1914.520105	1915.520206	1915.520206	1915.520206	1916.053885	space	0.5241479	None	1916.054632	1916.453338	1916.768639	1916.755147	1916.755688	1916.768639	1916.768639	1916.768639	1919.804256	466	1	[3.035300500006997]	[3.0353087999974377]	3	1	2025-11-13_19h09.40.854	intentional-binding		2025.1.1	60.07102798	2025-11-13 19h10.01.027071 +0530
0.1	1000	exp	173	5	14	space	1.2433352	None	436	1	[1.8739944999979343]	[1.874000600000727]	14	5	173	9	1919.819963		1919.804476	1919.819963	1920.819941	1920.819941	1920.819941	1922.07044	space	1.2433352	None	1922.07139	1922.170087	1922.480494	1922.47313	1922.473514	1922.480494	1922.480494	1922.480494	1924.354701	436	1	[1.8739944999979343]	[1.874000600000727]	3	1	2025-11-13_19h09.40.854	intentional-binding		2025.1.1	60.07102798	2025-11-13 19h10.01.027071 +0530
0.7	1000	exp	174	6	14	space	0.8596959	None	877	1	[2.0481575000012526]	[2.0481642999948235]	14	6	174	11	1924.370194		1924.354895	1924.370194	1925.369451	1925.369451	1925.369451	1926.237047	space	0.8596959	None	1926.237465	1926.936189	1927.239408	1927.232673	1927.232959	1927.239408	1927.239408	1927.239408	1929.28782	877	1	[2.0481575000012526]	[2.0481642999948235]	3	1	2025-11-13_19h09.40.854	intentional-binding		2025.1.1	60.07102798	2025-11-13 19h10.01.027071 +0530
0.1	1000	exp	175	7	14	space	0.7608988	None	211	1	[2.12885589999496]	[2.128861399993184]	14	7	175	3	1929.303104		1929.288008	1929.303104	1930.30279	1930.30279	1930.30279	1931.069941	space	0.7608988	None	1931.070429	1931.169428	1931.474537	1931.467739	1931.468043	1931.474537	1931.474537	1931.474537	1933.60359	211	1	[2.12885589999496]	[2.128861399993184]	3	1	2025-11-13_19h09.40.854	intentional-binding		2025.1.1	60.07102798	2025-11-13 19h10.01.027071 +0530
0.4	400	unexp	176	8	14	space	0.7580248	None	433	1	[1.3763154999905964]	[1.3763293999945745]	14	8	176	1	1933.619534		1933.603738	1933.619534	1934.602557	1934.602557	1934.619099	1935.369735	space	0.7580248	None	1935.370192	1935.769082	1936.07674	1936.067552	1936.068527	1936.07674	1936.07674	1936.07674	1937.453412	433	1	[1.3763154999905964]	[1.3763293999945745]	3	1	2025-11-13_19h09.40.854	intentional-binding		2025.1.1	60.07102798	2025-11-13 19h10.01.027071 +0530
0.4	1000	exp	177	9	14	space	1.0598476	None	233	1	[1.5793955999979516]	[1.5794041000044672]	14	9	177	4	1937.469159		1937.453683	1937.469159	1938.452418	1938.452418	1938.468961	1939.51962	space	1.0598476	None	1939.520223	1939.918946	1940.223709	1940.213524	1940.213939	1940.223709	1940.223709	1940.223709	1941.8034	233	1	[1.5793955999979516]	[1.5794041000044672]	3	1	2025-11-13_19h09.40.854	intentional-binding		2025.1.1	60.07102798	2025-11-13 19h10.01.027071 +0530
0.1	1000	exp	178	10	14	space	1.1948631	None	456	1	[3.125615099997958]	[3.1256218000053195]	14	10	178	6	1941.818898		1941.803616	1941.818898	1942.819394	1942.819394	1942.819394	1944.019305	space	1.1948631	None	1944.019896	1944.119202	1944.42727	1944.419644	1944.419971	1944.42727	1944.42727	1944.42727	1947.553105	456	1	[3.125615099997958]	[3.1256218000053195]	3	1	2025-11-13_19h09.40.854	intentional-binding		2025.1.1	60.07102798	2025-11-13 19h10.01.027071 +0530
0.1	400	unexp	179	11	14	space	1.0806698	None	344	1	[2.6823889999941457]	[2.682396599993808]	14	11	179	0	1947.568708		1947.553288	1947.568708	1948.568726	1948.568726	1948.568726	1949.652803	space	1.0806698	None	1949.65349	1949.76854	1950.069875	1950.062995	1950.063301	1950.069875	1950.069875	1950.069875	1952.752546	344	1	[2.6823889999941457]	[2.682396599993808]	3	1	2025-11-13_19h09.40.854	intentional-binding		2025.1.1	60.07102798	2025-11-13 19h10.01.027071 +0530
0.7	400	unexp	180	0	15	space	0.7888122	None	667	1	[3.491828699989128]	[3.491841699986253]	15	0	180	2	1952.76833		1952.752747	1952.76833	1953.751877	1953.751877	1953.768585	1954.552054	space	0.7888122	None	1954.552586	1955.251983	1955.560376	1955.552063	1955.552527	1955.560376	1955.560376	1955.560376	1959.052615	667	1	[3.491828699989128]	[3.491841699986253]	3	1	2025-11-13_19h09.40.854	intentional-binding		2025.1.1	60.07102798	2025-11-13 19h10.01.027071 +0530
0.7	1000	exp	181	1	15	space	0.7830246	None	677	1	[1.4931427000119584]	[1.4931489000009606]	15	1	181	5	1959.067881		1959.052857	1959.067881	1960.068039	1960.068039	1960.068039	1960.85178	space	0.7830246	None	1960.852488	1961.551375	1961.85886	1961.853023	1961.853285	1961.85886	1961.85886	1961.85886	1963.352217	677	1	[1.4931427000119584]	[1.4931489000009606]	3	1	2025-11-13_19h09.40.854	intentional-binding		2025.1.1	60.07102798	2025-11-13 19h10.01.027071 +0530
0.4	1000	exp	182	2	15	space	0.5738663	None	455	1	[1.5670758999913232]	[1.5670844999986002]	15	2	182	7	1963.367946		1963.352395	1963.367946	1964.351376	1964.351376	1964.367843	1964.934969	space	0.5738663	None	1964.935443	1965.334389	1965.635643	1965.628297	1965.628618	1965.635643	1965.635643	1965.635643	1967.203027	455	1	[1.5670758999913232]	[1.5670844999986002]	3	1	2025-11-13_19h09.40.854	intentional-binding		2025.1.1	60.07102798	2025-11-13 19h10.01.027071 +0530
0.1	1000	exp	183	3	15	space	0.7678094	None	777	1	[1.5915382000093814]	[1.5915508000034606]	15	3	183	9	1967.217913		1967.203218	1967.217913	1968.217461	1968.217461	1968.217461	1969.001405	space	0.7678094	None	1969.002194	1969.100701	1969.410911	1969.404071	1969.404697	1969.410911	1969.410911	1969.410911	1971.002665	777	1	[1.5915382000093814]	[1.5915508000034606]	3	1	2025-11-13_19h09.40.854	intentional-binding		2025.1.1	60.07102798	2025-11-13 19h10.01.027071 +0530
0.4	400	unexp	184	4	15	space	0.6465832	None	899	1	[1.5246464000083506]	[1.5246574000047985]	15	4	184	1	1971.017736		1971.002816	1971.017736	1972.017671	1972.017671	1972.017671	1972.668035	space	0.6465832	None	1972.668391	1973.067233	1973.376358	1973.369504	1973.369858	1973.376358	1973.376358	1973.376358	1974.901346	899	1	[1.5246464000083506]	[1.5246574000047985]	3	1	2025-11-13_19h09.40.854	intentional-binding		2025.1.1	60.07102798	2025-11-13 19h10.01.027071 +0530
0.7	1000	exp	185	5	15	space	1.0700318	None	923	1	[4.643479600010323]	[4.643491900002118]	15	5	185	11	1974.91703		1974.901642	1974.91703	1975.900604	1975.900604	1975.917462	1976.984708	space	1.0700318	None	1976.985843	1977.684224	1977.991081	1977.980538	1977.981149	1977.991081	1977.991081	1977.991081	1982.634938	923	1	[4.643479600010323]	[4.643491900002118]	3	1	2025-11-13_19h09.40.854	intentional-binding		2025.1.1	60.07102798	2025-11-13 19h10.01.027071 +0530
0.1	1000	exp	186	6	15	space	20.6943119	None	40	1	[6.843343800006551]	[6.843349300004775]	15	6	186	6	1982.650152		1982.635302	1982.650152	1983.650081	1983.650081	1983.650081	2004.349579	space	20.6943119	None	2004.350086	2004.449583	2004.756561	2004.750365	2004.750626	2004.756561	2004.756561	2004.756561	2011.600097	40	1	[6.843343800006551]	[6.843349300004775]	3	1	2025-11-13_19h09.40.854	intentional-binding		2025.1.1	60.07102798	2025-11-13 19h10.01.027071 +0530
0.1	400	unexp	187	7	15	space	1.1045505	None	100	1	[3.575682400012738]	[3.5756873000063933]	15	7	187	0	2011.615558		2011.600245	2011.615558	2012.615774	2012.615774	2012.615774	2013.732366	space	1.1045505	None	2013.732924	2013.831871	2014.140543	2014.134144	2014.134503	2014.140543	2014.140543	2014.140543	2017.716438	100	1	[3.575682400012738]	[3.5756873000063933]	3	1	2025-11-13_19h09.40.854	intentional-binding		2025.1.1	60.07102798	2025-11-13 19h10.01.027071 +0530
0.4	1000	exp	188	8	15	space	0.3155736	None	20	1	[2.7251429999887478]	[2.7251499999983935]	15	8	188	10	2017.732183		2017.716602	2017.732183	2018.715026	2018.715026	2018.732069	2019.032174	space	0.3155736	None	2019.032595	2019.431917	2019.741528	2019.734949	2019.735368	2019.741528	2019.741528	2019.741528	2022.466888	20	1	[2.7251429999887478]	[2.7251499999983935]	3	1	2025-11-13_19h09.40.854	intentional-binding		2025.1.1	60.07102798	2025-11-13 19h10.01.027071 +0530
0.7	1000	exp	189	9	15	space	0.2221329	None	309	1	[2.832562499999767]	[2.832572800005437]	15	9	189	8	2022.481763		2022.467111	2022.481763	2023.481656	2023.481656	2023.481656	2023.715288	space	0.2221329	None	2023.716051	2024.414992	2024.716765	2024.710832	2024.711071	2024.716765	2024.716765	2024.716765	2027.549666	309	1	[2.832562499999767]	[2.832572800005437]	3	1	2025-11-13_19h09.40.854	intentional-binding		2025.1.1	60.07102798	2025-11-13 19h10.01.027071 +0530
0.4	1000	exp	190	10	15	space	0.2289329	None	99	1	[4.039588100000401]	[4.039625599994906]	15	10	190	4	2027.565009		2027.549892	2027.565009	2028.565	2028.565	2028.565	2028.798475	space	0.2289329	None	2028.799229	2029.19801	2029.509264	2029.499513	2029.500157	2029.509264	2029.509264	2029.509264	2033.549251	99	1	[4.039588100000401]	[4.039625599994906]	3	1	2025-11-13_19h09.40.854	intentional-binding		2025.1.1	60.07102798	2025-11-13 19h10.01.027071 +0530
0.1	1000	exp	191	11	15	space	0.2717229	None	99	1	[8.415243400013424]	[8.41525870001351]	15	11	191	3	2033.564607		2033.549431	2033.564607	2034.564367	2034.564367	2034.564367	2034.848026	space	0.2717229	None	2034.848791	2034.947643	2035.249666	2035.241847	2035.242179	2035.249666	2035.249666	2035.249666	2043.665397	99	1	[8.415243400013424]	[8.41525870001351]	3	1	2025-11-13_19h09.40.854	intentional-binding		2025.1.1	60.07102798	2025-11-13 19h10.01.027071 +0530
0.7	1000	exp	192	0	16	space	0.2594932	None	500	1	[3.579947299993364]	[3.5799544000037713]	16	0	192	5	2043.680408		2043.665764	2043.680408	2044.680355	2044.680355	2044.680355	2044.947977	space	0.2594932	None	2044.948537	2045.664133	2045.968002	2045.959413	2045.9598	2045.968002	2045.968002	2045.968002	2049.54819	500	1	[3.579947299993364]	[3.5799544000037713]	3	1	2025-11-13_19h09.40.854	intentional-binding		2025.1.1	60.07102798	2025-11-13 19h10.01.027071 +0530
0.1	1000	exp	193	1	16	space	0.5550782	None	600	1	[4.7092827999877045]	[4.709292399988044]	16	1	193	3	2049.563567		2049.548426	2049.563567	2050.563585	2050.563585	2050.563585	2051.130934	space	0.5550782	None	2051.131338	2051.230196	2051.538227	2051.532203	2051.532553	2051.538227	2051.538227	2051.538227	2056.247856	600	1	[4.7092827999877045]	[4.709292399988044]	3	1	2025-11-13_19h09.40.854	intentional-binding		2025.1.1	60.07102798	2025-11-13 19h10.01.027071 +0530
0.4	1000	exp	194	2	16	space	0.2670782	None	577	1	[2.3970633999997517]	[2.397068999998737]	16	2	194	10	2056.263289		2056.24815	2056.263289	2057.263227	2057.263227	2057.263227	2057.547373	space	0.2670782	None	2057.548285	2057.946778	2058.250522	2058.242424	2058.243207	2058.250522	2058.250522	2058.250522	2060.647789	577	1	[2.3970633999997517]	[2.397068999998737]	3	1	2025-11-13_19h09.40.854	intentional-binding		2025.1.1	60.07102798	2025-11-13 19h10.01.027071 +0530
0.7	1000	exp	195	3	16	space	0.0070343	None	200	1	[8.531982799991965]	[8.531989799987059]	16	3	195	8	2060.663297		2060.647945	2060.663297	2061.66307	2061.66307	2061.66307	2061.680193	space	0.0070343	None	2061.680995	2062.379714	2062.681778	2062.674816	2062.675149	2062.681778	2062.681778	2062.681778	2071.214002	200	1	[8.531982799991965]	[8.531989799987059]	3	1	2025-11-13_19h09.40.854	intentional-binding		2025.1.1	60.07102798	2025-11-13 19h10.01.027071 +0530
0.1	1000	exp	196	4	16	space	0.2562443	None	189	1	[2.815296100001433]	[2.815302499991958]	16	4	196	6	2071.229098		2071.214212	2071.229098	2072.229063	2072.229063	2072.229063	2072.496632	space	0.2562443	None	2072.497067	2072.595845	2072.898232	2072.892122	2072.89241	2072.898232	2072.898232	2072.898232	2075.713759	189	1	[2.815296100001433]	[2.815302499991958]	3	1	2025-11-13_19h09.40.854	intentional-binding		2025.1.1	60.07102798	2025-11-13 19h10.01.027071 +0530
0.1	1000	exp	197	5	16	space	0.2586066	None	293	1	[2.111108900004183]	[2.1111157000123058]	16	5	197	9	2075.729007		2075.713941	2075.729007	2076.728812	2076.728812	2076.728812	2076.996105	space	0.2586066	None	2076.996768	2077.095611	2077.401566	2077.395254	2077.395548	2077.401566	2077.401566	2077.401566	2079.512932	293	1	[2.111108900004183]	[2.1111157000123058]	3	1	2025-11-13_19h09.40.854	intentional-binding		2025.1.1	60.07102798	2025-11-13 19h10.01.027071 +0530
0.1	400	unexp	198	6	16	space	1.3201675	None	500	1	[3.1603366999916034]	[3.1603446999943117]	16	6	198	0	2079.528729		2079.513124	2079.528729	2080.512117	2080.512117	2080.529068	2081.845875	space	1.3201675	None	2081.846517	2081.945227	2082.252163	2082.242336	2082.242707	2082.252163	2082.252163	2082.252163	2085.412767	79	1	[3.1603366999916034]	[3.1603446999943117]	3	1	2025-11-13_19h09.40.854	intentional-binding		2025.1.1	60.07102798	2025-11-13 19h10.01.027071 +0530
0.7	400	unexp	199	7	16	space	0.2058111	None	78	1	[2.7933187000016915]	[2.793325599996024]	16	7	199	2	2085.429098		2085.41298	2085.429098	2086.411915	2086.411915	2086.428713	2086.628884	space	0.2058111	None	2086.6294	2087.328619	2087.635388	2087.62523	2087.625783	2087.635388	2087.635388	2087.635388	2090.428935	78	1	[2.7933187000016915]	[2.793325599996024]	3	1	2025-11-13_19h09.40.854	intentional-binding		2025.1.1	60.07102798	2025-11-13 19h10.01.027071 +0530
0.4	1000	exp	200	8	16	space	0.4235313	None	99	1	[3.3247338000073796]	[3.32475830000476]	16	8	200	7	2090.444986		2090.429224	2090.444986	2091.428214	2091.428214	2091.445181	2091.86229	space	0.4235313	None	2091.862852	2092.261914	2092.572123	2092.564582	2092.564939	2092.572123	2092.572123	2092.572123	2095.897574	99	1	[3.3247338000073796]	[3.32475830000476]	3	1	2025-11-13_19h09.40.854	intentional-binding		2025.1.1	60.07102798	2025-11-13 19h10.01.027071 +0530
0.7	1000	exp	201	9	16	space	0.9566648	None	56	1	[3.7693374999944353]	[3.7693432999949437]	16	9	201	11	2095.91134		2095.89818	2095.91134	2096.911413	2096.911413	2096.911413	2097.878694	space	0.9566648	None	2097.879432	2098.577969	2098.892831	2098.879165	2098.879732	2098.892831	2098.892831	2098.892831	2102.66239	56	1	[3.7693374999944353]	[3.7693432999949437]	3	1	2025-11-13_19h09.40.854	intentional-binding		2025.1.1	60.07102798	2025-11-13 19h10.01.027071 +0530
0.4	1000	exp	202	10	16	space	1.2326134	None	79	1	[5.107134799996857]	[5.10714619999635]	16	10	202	4	2102.677787		2102.662551	2102.677787	2103.677689	2103.677689	2103.677689	2104.911415	space	1.2326134	None	2104.912002	2105.310916	2105.620913	2105.61418	2105.614673	2105.620913	2105.620913	2105.620913	2110.728434	79	1	[5.107134799996857]	[5.10714619999635]	3	1	2025-11-13_19h09.40.854	intentional-binding		2025.1.1	60.07102798	2025-11-13 19h10.01.027071 +0530
0.4	400	unexp	203	11	16	space	1.7302418	None	120	1	[8.630197100006626]	[8.630215400000452]	16	11	203	1	2110.744074		2110.7287	2110.744074	2111.744041	2111.744041	2111.744041	2113.477643	space	1.7302418	None	2113.478086	2113.877092	2114.180535	2114.172406	2114.172735	2114.180535	2114.180535	2114.180535	2122.811251	120	1	[8.630197100006626]	[8.630215400000452]	3	1	2025-11-13_19h09.40.854	intentional-binding		2025.1.1	60.07102798	2025-11-13 19h10.01.027071 +0530
0.4	1000	exp	204	0	17	space	3.2599467	None	450	1	[3.146903899993049]	[3.14691359999415]	17	0	204	7	2122.826512		2122.811712	2122.826512	2123.826544	2123.826544	2123.826544	2127.093802	space	3.2599467	None	2127.094222	2127.49308	2127.796832	2127.789426	2127.789864	2127.796832	2127.796832	2127.796832	2130.944029	450	1	[3.146903899993049]	[3.14691359999415]	3	1	2025-11-13_19h09.40.854	intentional-binding		2025.1.1	60.07102798	2025-11-13 19h10.01.027071 +0530
0.1	1000	exp	205	1	17	space	2.6732775	None	200	1	[5.328150700006518]	[5.328161500001443]	17	1	205	3	2130.959595		2130.944228	2130.959595	2131.959618	2131.959618	2131.959618	2134.643867	space	2.6732775	None	2134.644455	2134.759401	2135.064922	2135.056209	2135.05675	2135.064922	2135.064922	2135.064922	2140.39341	200	1	[5.328150700006518]	[5.328161500001443]	3	1	2025-11-13_19h09.40.854	intentional-binding		2025.1.1	60.07102798	2025-11-13 19h10.01.027071 +0530
0.1	400	unexp	206	2	17	space	0.2709487	None	10	1	[5.545127399993362]	[5.545148099990911]	17	2	206	0	2140.409147		2140.393652	2140.409147	2141.409256	2141.409256	2141.409256	2141.693029	space	0.2709487	None	2141.693419	2141.792348	2142.09851	2142.092366	2142.092681	2142.09851	2142.09851	2142.09851	2147.644263	10	1	[5.545127399993362]	[5.545148099990911]	3	1	2025-11-13_19h09.40.854	intentional-binding		2025.1.1	60.07102798	2025-11-13 19h10.01.027071 +0530
0.7	400	unexp	207	3	17	space	0.3785103	None	20	1	[3.4635131000104593]	[3.4635255000030156]	17	3	207	2	2147.658975		2147.644833	2147.658975	2148.658993	2148.658993	2148.658993	2149.042765	space	0.3785103	None	2149.043211	2149.742072	2150.045602	2150.039172	2150.039468	2150.045602	2150.045602	2150.045602	2153.509453	20	1	[3.4635131000104593]	[3.4635255000030156]	3	1	2025-11-13_19h09.40.854	intentional-binding		2025.1.1	60.07102798	2025-11-13 19h10.01.027071 +0530
0.4	1000	exp	208	4	17	space	2.2690583	None	300	1	[8.599433399998816]	[8.599440299993148]	17	4	208	4	2153.524924		2153.509723	2153.524924	2154.52529	2154.52529	2154.52529	2156.809012	space	2.2690583	None	2156.809502	2157.208485	2157.50915	2157.502661	2157.502952	2157.50915	2157.50915	2157.50915	2166.108841	300	1	[8.599433399998816]	[8.599440299993148]	3	1	2025-11-13_19h09.40.854	intentional-binding		2025.1.1	60.07102798	2025-11-13 19h10.01.027071 +0530
0.1	1000	exp	209	5	17	space	2.3559886	None	330	1	[11.343205800003489]	[11.343212400010088]	17	5	209	6	2166.124605		2166.109079	2166.124605	2167.1245	2167.1245	2167.1245	2169.491602	space	2.3559886	None	2169.492041	2169.59113	2169.898525	2169.892849	2169.893137	2169.898525	2169.898525	2169.898525	2181.241966	330	1	[11.343205800003489]	[11.343212400010088]	3	1	2025-11-13_19h09.40.854	intentional-binding		2025.1.1	60.07102798	2025-11-13 19h10.01.027071 +0530
0.7	1000	exp	210	6	17	space	6.7245805	None	100	1	[3.3475573000032455]	[3.347562900002231]	17	6	210	11	2181.257304		2181.24215	2181.257304	2182.240948	2182.240948	2182.25739	2188.974394	space	6.7245805	None	2188.974785	2189.67358	2189.976716	2189.970316	2189.970614	2189.976716	2189.976716	2189.976716	2193.324513	100	1	[3.3475573000032455]	[3.347562900002231]	3	1	2025-11-13_19h09.40.854	intentional-binding		2025.1.1	60.07102798	2025-11-13 19h10.01.027071 +0530
0.4	400	unexp	211	7	17	space	1.1536468	None	100	1	[3.8986602000077255]	[3.8986657000059495]	17	7	211	1	2193.340323		2193.324665	2193.340323	2194.339835	2194.339835	2194.339835	2195.506826	space	1.1536468	None	2195.50751	2195.906456	2196.208441	2196.201297	2196.201574	2196.208441	2196.208441	2196.208441	2200.107292	100	1	[3.8986602000077255]	[3.8986657000059495]	3	1	2025-11-13_19h09.40.854	intentional-binding		2025.1.1	60.07102798	2025-11-13 19h10.01.027071 +0530
0.4	1000	exp	212	8	17	space	3.6522029	None	455	1	[492.0430692999944]	[492.0430802000046]	17	8	212	10	2200.123124		2200.10745	2200.123124	2201.123427	2201.123427	2201.123427	2204.790177	space	3.6522029	None	2204.791148	2205.206075	2205.507275	2205.499941	2205.500288	2205.507275	2205.507275	2205.507275	2697.550676	455	1	[492.0430692999944]	[492.0430802000046]	3	1	2025-11-13_19h09.40.854	intentional-binding		2025.1.1	60.07102798	2025-11-13 19h10.01.027071 +0530
0.7	1000	exp	213	9	17	space	0.4291624	None	666	1	[3.019701299999724]	[3.019715999995242]	17	9	213	8	2697.565465		2697.551186	2697.565465	2698.565694	2698.565694	2698.565694	2699.000066	space	0.4291624	None	2699.001882	2699.71551	2700.030363	2700.010118	2700.010718	2700.030363	2700.030363	2700.030363	2703.050516	666	1	[3.019701299999724]	[3.019715999995242]	3	1	2025-11-13_19h09.40.854	intentional-binding		2025.1.1	60.07102798	2025-11-13 19h10.01.027071 +0530
0.7	1000	exp	214	10	17	space	0.3378906	None	344	1	[2.9511850000126287]	[2.951194699999178]	17	10	214	5	2703.065071		2703.050988	2703.065071	2704.065115	2704.065115	2704.065115	2704.416037	space	0.3378906	None	2704.417206	2705.115185	2705.431001	2705.411047	2705.411611	2705.431001	2705.431001	2705.431001	2708.382644	344	1	[2.9511850000126287]	[2.951194699999178]	3	1	2025-11-13_19h09.40.854	intentional-binding		2025.1.1	60.07102798	2025-11-13 19h10.01.027071 +0530
0.1	1000	exp	215	11	17	space	0.3634056	None	344	1	[2.0225024999963352]	[2.0225283000036143]	17	11	215	9	2708.398492		2708.382911	2708.398492	2709.398357	2709.398357	2709.398357	2709.765502	space	0.3634056	None	2709.766602	2709.865091	2710.177581	2710.163609	2710.164564	2710.177581	2710.177581	2710.177581	2712.20099	344	1	[2.0225024999963352]	[2.0225283000036143]	3	1	2025-11-13_19h09.40.854	intentional-binding		2025.1.1	60.07102798	2025-11-13 19h10.01.027071 +0530
0.4	400	unexp	216	0	18	space	4.1500014	None	334	1	[5.849996100005228]	[5.850014100011322]	18	0	216	1	2712.214594		2712.201818	2712.214594	2713.214689	2713.214689	2713.214689	2717.382055	space	4.1500014	None	2717.383039	2717.781151	2718.098434	2718.084696	2718.08527	2718.098434	2718.098434	2718.098434	2723.949035	334	1	[5.849996100005228]	[5.850014100011322]	3	1	2025-11-13_19h09.40.854	intentional-binding		2025.1.1	60.07102798	2025-11-13 19h10.01.027071 +0530
0.1	1000	exp	217	1	18	space	0.300523	None	444	1	[5.100965899997391]	[5.100985400000354]	18	1	217	6	2723.964075		2723.949439	2723.964075	2724.964422	2724.964422	2724.964422	2725.28187	space	0.300523	None	2725.282907	2725.397571	2725.714054	2725.692628	2725.693241	2725.714054	2725.714054	2725.714054	2730.815525	444	1	[5.100965899997391]	[5.100985400000354]	3	1	2025-11-13_19h09.40.854	intentional-binding		2025.1.1	60.07102798	2025-11-13 19h10.01.027071 +0530
0.4	1000	exp	218	2	18	space	215.6672577	None	244	1	[10.089064600004349]	[10.08908550000342]	18	2	218	4	2730.830541		2730.815978	2730.830541	2731.830533	2731.830533	2731.830533	2947.50433	space	215.6672577	None	2947.50553	2947.91992	2948.23217	2948.213106	2948.21372	2948.23217	2948.23217	2948.23217	2958.321906	244	1	[10.089064600004349]	[10.08908550000342]	3	1	2025-11-13_19h09.40.854	intentional-binding		2025.1.1	60.07102798	2025-11-13 19h10.01.027071 +0530
0.4	1000	exp	219	3	18	space	0.5688187	None	455	1	[3.584870699996827]	[3.5848929999920074]	18	3	219	10	2958.336109		2958.322432	2958.336109	2959.336305	2959.336305	2959.336305	2959.920452	space	0.5688187	None	2959.921488	2960.3361	2960.652059	2960.6328	2960.633439	2960.652059	2960.652059	2960.652059	2964.237938	455	1	[3.584870699996827]	[3.5848929999920074]	3	1	2025-11-13_19h09.40.854	intentional-binding		2025.1.1	60.07102798	2025-11-13 19h10.01.027071 +0530
0.7	1000	exp	220	4	18	space	192.1874831	None	354	1	[12.26687980000861]	[12.266900200003874]	18	4	220	11	2964.252675		2964.238527	2964.252675	2965.252669	2965.252669	2965.252669	3157.444584	space	192.1874831	None	3157.445923	3158.159863	3158.476399	3158.459896	3158.460587	3158.476399	3158.476399	3158.476399	3170.743969	354	1	[12.26687980000861]	[12.266900200003874]	3	1	2025-11-13_19h09.40.854	intentional-binding		2025.1.1	60.07102798	2025-11-13 19h10.01.027071 +0530
0.4	1000	exp	221	5	18	space	1.3892495	None	443	1	[3.7586989999981597]	[3.7587191999919014]	18	5	221	7	3170.759233		3170.744431	3170.759233	3171.759463	3171.759463	3171.759463	3173.160307	space	1.3892495	None	3173.161367	3173.576155	3173.886785	3173.869351	3173.871091	3173.886785	3173.886785	3173.886785	3177.64606	443	1	[3.7586989999981597]	[3.7587191999919014]	3	1	2025-11-13_19h09.40.854	intentional-binding		2025.1.1	60.07102798	2025-11-13 19h10.01.027071 +0530
0.1	1000	exp	222	6	18	space	0.3391484	None	234	1	[3.4227834999910556]	[3.422802100001718]	18	6	222	9	3177.658782		3177.646644	3177.658782	3178.658894	3178.658894	3178.658894	3179.009834	space	0.3391484	None	3179.011246	3179.125577	3179.437166	3179.421785	3179.422561	3179.437166	3179.437166	3179.437166	3182.860457	234	1	[3.4227834999910556]	[3.422802100001718]	3	1	2025-11-13_19h09.40.854	intentional-binding		2025.1.1	60.07102798	2025-11-13 19h10.01.027071 +0530
0.7	1000	exp	223	7	18	space	0.7004839	None	787	1	[4.882873900001869]	[4.882893299989519]	18	7	223	8	3182.875361		3182.860804	3182.875361	3183.875102	3183.875102	3183.875102	3184.592405	space	0.7004839	None	3184.593484	3185.291846	3185.609466	3185.591254	3185.592093	3185.609466	3185.609466	3185.609466	3190.493031	787	1	[4.882873900001869]	[4.882893299989519]	3	1	2025-11-13_19h09.40.854	intentional-binding		2025.1.1	60.07102798	2025-11-13 19h10.01.027071 +0530
0.7	400	unexp	224	8	18	space	0.3399205	None	433	1	[4.572822400004952]	[4.572833300000639]	18	8	224	2	3190.508299		3190.493694	3190.508299	3191.508703	3191.508703	3191.508703	3191.859005	space	0.3399205	None	3191.860163	3192.558146	3192.869472	3192.853192	3192.853842	3192.869472	3192.869472	3192.869472	3197.44269	433	1	[4.572822400004952]	[4.572833300000639]	3	1	2025-11-13_19h09.40.854	intentional-binding		2025.1.1	60.07102798	2025-11-13 19h10.01.027071 +0530
0.7	1000	exp	225	9	18	space	0.5173834	None	454	1	[3.451916699996218]	[3.4519357999961358]	18	9	225	5	3197.458059		3197.442991	3197.458059	3198.458134	3198.458134	3198.458134	3198.992051	space	0.5173834	None	3198.9931	3199.691201	3200.007036	3199.989258	3199.99112	3200.007036	3200.007036	3200.007036	3203.459629	454	1	[3.451916699996218]	[3.4519357999961358]	3	1	2025-11-13_19h09.40.854	intentional-binding		2025.1.1	60.07102798	2025-11-13 19h10.01.027071 +0530
0.1	1000	exp	226	10	18	space	0.9962971	None	345	1	[2.8410358000110136]	[2.8410567000100855]	18	10	226	3	3203.474151		3203.460003	3203.474151	3204.474132	3204.474132	3204.474132	3205.474694	space	0.9962971	None	3205.475757	3205.574066	3205.884386	3205.874202	3205.874646	3205.884386	3205.884386	3205.884386	3208.726073	345	1	[2.8410358000110136]	[2.8410567000100855]	3	1	2025-11-13_19h09.40.854	intentional-binding		2025.1.1	60.07102798	2025-11-13 19h10.01.027071 +0530
0.1	400	unexp	227	11	18	space	1.000844	None	40	1	[12.052709099996719]	[12.052722099993844]	18	11	227	0	3208.740706		3208.726593	3208.740706	3209.740468	3209.740468	3209.740468	3210.758249	space	1.000844	None	3210.759637	3210.874042	3211.188266	3211.168928	3211.169624	3211.188266	3211.188266	3211.188266	3223.241473	40	1	[12.052709099996719]	[12.052722099993844]	3	1	2025-11-13_19h09.40.854	intentional-binding		2025.1.1	60.07102798	2025-11-13 19h10.01.027071 +0530
0.1	1000	exp	228	0	19	space	0.4136634	None	303	1	[2.234930599996005]	[2.2349480999982916]	19	0	228	3	3223.256583		3223.24205	3223.256583	3224.256759	3224.256759	3224.256759	3224.674072	space	0.4136634	None	3224.675478	3224.773476	3225.089172	3225.070532	3225.071209	3225.089172	3225.089172	3225.089172	3227.324634	303	1	[2.234930599996005]	[2.2349480999982916]	3	1	2025-11-13_19h09.40.854	intentional-binding		2025.1.1	60.07102798	2025-11-13 19h10.01.027071 +0530
0.4	1000	exp	229	1	19	space	2.0592231	None	488	1	[5.593984100007219]	[5.593999300006544]	19	1	229	7	3227.339612		3227.325026	3227.339612	3228.339864	3228.339864	3228.339864	3230.407255	space	2.0592231	None	3230.408963	3230.806471	3231.113511	3231.104133	3231.104521	3231.113511	3231.113511	3231.113511	3236.708246	488	1	[5.593984100007219]	[5.593999300006544]	3	1	2025-11-13_19h09.40.854	intentional-binding		2025.1.1	60.07102798	2025-11-13 19h10.01.027071 +0530
0.4	1000	exp	230	2	19	space	13.4581311	None	"544
"	1	[2.737247400000342]	[2.7372636000072816]	19	2	230	10	3236.723024		3236.709064	3236.723024	3237.722682	3237.722682	3237.722682	3251.189612	space	13.4581311	None	3251.19059	3251.605462	3251.919718	3251.902812	3251.903413	3251.919718	3251.919718	3251.919718	3254.657988	"544
"	1	[2.737247400000342]	[2.7372636000072816]	3	1	2025-11-13_19h09.40.854	intentional-binding		2025.1.1	60.07102798	2025-11-13 19h10.01.027071 +0530
0.1	400	unexp	231	3	19	space	1.3617354	None	669	1	[3.2408003000018653]	[3.240819400001783]	19	3	231	0	3254.671563		3254.658413	3254.671563	3255.671551	3255.671551	3255.671551	3257.039571	space	1.3617354	None	3257.040562	3257.155186	3257.465727	3257.449961	3257.450521	3257.465727	3257.465727	3257.465727	3260.707065	669	1	[3.2408003000018653]	[3.240819400001783]	3	1	2025-11-13_19h09.40.854	intentional-binding		2025.1.1	60.07102798	2025-11-13 19h10.01.027071 +0530
0.7	400	unexp	232	4	19	space	0.821648	None	987	1	[1.6651630999986082]	[1.665188600003603]	19	4	232	2	3260.721335		3260.707636	3260.721335	3261.721809	3261.721809	3261.721809	3262.555862	space	0.821648	None	3262.556798	3263.271185	3263.590693	3263.570621	3263.571429	3263.590693	3263.590693	3263.590693	3265.256545	987	1	[1.6651630999986082]	[1.665188600003603]	3	1	2025-11-13_19h09.40.854	intentional-binding		2025.1.1	60.07102798	2025-11-13 19h10.01.027071 +0530
0.4	1000	exp	233	5	19	space	2.2363516	None	744	1	[2.5503275000082795]	[2.550349600001937]	19	5	233	4	3265.271075		3265.257292	3265.271075	3266.271004	3266.271004	3266.271004	3268.521735	space	2.2363516	None	3268.522681	3268.920917	3269.238135	3269.221089	3269.221827	3269.238135	3269.238135	3269.238135	3271.789048	744	1	[2.5503275000082795]	[2.550349600001937]	3	1	2025-11-13_19h09.40.854	intentional-binding		2025.1.1	60.07102798	2025-11-13 19h10.01.027071 +0530
0.7	1000	exp	234	6	19	space	0.654578	None	988	1	[2.2854406999977073]	[2.285453599994071]	19	6	234	5	3271.805064		3271.789473	3271.805064	3272.804584	3272.804584	3272.804584	3273.471353	space	0.654578	None	3273.472293	3274.170627	3274.48692	3274.470302	3274.471236	3274.48692	3274.48692	3274.48692	3276.772764	988	1	[2.2854406999977073]	[2.285453599994071]	3	1	2025-11-13_19h09.40.854	intentional-binding		2025.1.1	60.07102798	2025-11-13 19h10.01.027071 +0530
0.4	400	unexp	235	7	19	space	0.6222571	None	622	1	[2.857471600000281]	[2.857508400004008]	19	7	235	1	3276.787636		3276.773151	3276.787636	3277.787333	3277.787333	3277.787333	3278.421014	space	0.6222571	None	3278.42206	3278.821148	3279.131363	3279.113012	3279.113766	3279.131363	3279.131363	3279.131363	3281.9898	622	1	[2.857471600000281]	[2.857508400004008]	3	1	2025-11-13_19h09.40.854	intentional-binding		2025.1.1	60.07102798	2025-11-13 19h10.01.027071 +0530
0.7	1000	exp	236	8	19	space	1.0154434	None	765	1	[3.3695957000018097]	[3.369651100001647]	19	8	236	11	3282.004213		3281.990204	3282.004213	3283.00367	3283.00367	3283.00367	3284.021155	space	1.0154434	None	3284.022105	3284.720268	3285.034629	3285.020492	3285.021244	3285.034629	3285.034629	3285.034629	3288.405321	765	1	[3.3695957000018097]	[3.369651100001647]	3	1	2025-11-13_19h09.40.854	intentional-binding		2025.1.1	60.07102798	2025-11-13 19h10.01.027071 +0530
0.1	1000	exp	237	9	19	space	0.8342107	None	433	1	[1.5128032000066014]	[1.5128292000008514]	19	9	237	9	3288.420353		3288.405771	3288.420353	3289.420038	3289.420038	3289.420038	3290.270761	space	0.8342107	None	3290.27155	3290.369889	3290.691977	3290.672671	3290.673239	3290.691977	3290.691977	3290.691977	3292.205385	433	1	[1.5128032000066014]	[1.5128292000008514]	3	1	2025-11-13_19h09.40.854	intentional-binding		2025.1.1	60.07102798	2025-11-13 19h10.01.027071 +0530
0.1	1000	exp	238	10	19	space	1.0086587	None	322	1	[1.8925787999905879]	[1.8925942999921972]	19	10	238	6	3292.219728		3292.205857	3292.219728	3293.219897	3293.219897	3293.219897	3294.237445	space	1.0086587	None	3294.238391	3294.336621	3294.645048	3294.633745	3294.634212	3294.645048	3294.645048	3294.645048	3296.538224	322	1	[1.8925787999905879]	[1.8925942999921972]	3	1	2025-11-13_19h09.40.854	intentional-binding		2025.1.1	60.07102798	2025-11-13 19h10.01.027071 +0530
0.7	1000	exp	239	11	19	space	0.6330387	None	867	1	[3.6312658000097144]	[3.6312799000006635]	19	11	239	8	3296.553128		3296.539413	3296.553128	3297.552908	3297.552908	3297.552908	3298.186981	space	0.6330387	None	3298.187933	3298.886127	3299.205522	3299.182986	3299.183589	3299.205522	3299.205522	3299.205522	3302.837431	867	1	[3.6312658000097144]	[3.6312799000006635]	3	1	2025-11-13_19h09.40.854	intentional-binding		2025.1.1	60.07102798	2025-11-13 19h10.01.027071 +0530
0.1	1000	exp	240	0	20	space	0.5401189	None	222	1	[2.588753000003635]	[2.5887711999966996]	20	0	240	3	3302.853036		3302.838556	3302.853036	3303.852605	3303.852605	3303.852605	3304.40361	space	0.5401189	None	3304.404921	3304.502749	3304.815094	3304.800649	3304.801189	3304.815094	3304.815094	3304.815094	3307.404364	222	1	[2.588753000003635]	[2.5887711999966996]	3	1	2025-11-13_19h09.40.854	intentional-binding		2025.1.1	60.07102798	2025-11-13 19h10.01.027071 +0530
0.1	1000	exp	241	1	20	space	0.6989747	None	111	1	[2.1074166000034893]	[2.10743590000493]	20	1	241	6	3307.419397		3307.404736	3307.419397	3308.419491	3308.419491	3308.419491	3309.120613	space	0.6989747	None	3309.122008	3309.235572	3309.546276	3309.530003	3309.530617	3309.546276	3309.546276	3309.546276	3311.654244	111	1	[2.1074166000034893]	[2.10743590000493]	3	1	2025-11-13_19h09.40.854	intentional-binding		2025.1.1	60.07102798	2025-11-13 19h10.01.027071 +0530
0.4	1000	exp	242	2	20	space	0.5569003	None	678	1	[1.825253300004988]	[1.8252709999942454]	20	2	242	7	3311.668993		3311.654566	3311.668993	3312.668675	3312.668675	3312.668675	3313.236181	space	0.5569003	None	3313.237067	3313.635366	3313.946173	3313.930198	3313.930789	3313.946173	3313.946173	3313.946173	3315.77196	678	1	[1.825253300004988]	[1.8252709999942454]	3	1	2025-11-13_19h09.40.854	intentional-binding		2025.1.1	60.07102798	2025-11-13 19h10.01.027071 +0530
0.7	1000	exp	243	3	20	space	0.4092299	None	988	1	[2.6860710000037216]	[2.6860856999992393]	20	3	243	11	3315.785295		3315.772351	3315.785295	3316.785387	3316.785387	3316.785387	3317.202777	space	0.4092299	None	3317.203866	3317.902117	3318.217162	3318.201745	3318.202303	3318.217162	3318.217162	3318.217162	3320.903937	988	1	[2.6860710000037216]	[2.6860856999992393]	3	1	2025-11-13_19h09.40.854	intentional-binding		2025.1.1	60.07102798	2025-11-13 19h10.01.027071 +0530
0.4	400	unexp	244	4	20	space	2.6285604	None	745	1	[2.296551299994462]	[2.2965630999970017]	20	4	244	1	3320.919059		3320.90467	3320.919059	3321.918668	3321.918668	3321.918668	3324.552806	space	2.6285604	None	3324.553792	3324.968489	3325.290505	3325.271816	3325.272502	3325.290505	3325.290505	3325.290505	3327.587794	745	1	[2.296551299994462]	[2.2965630999970017]	3	1	2025-11-13_19h09.40.854	intentional-binding		2025.1.1	60.07102798	2025-11-13 19h10.01.027071 +0530
0.7	1000	exp	245	5	20	space	0.5438404	None	988	1	[2.0123123999946984]	[2.012327099990216]	20	5	245	8	3327.601526		3327.588469	3327.601526	3328.601506	3328.601506	3328.601506	3329.152235	space	0.5438404	None	3329.153042	3329.851291	3330.172979	3330.152659	3330.153397	3330.172979	3330.172979	3330.172979	3332.185733	988	1	[2.0123123999946984]	[2.012327099990216]	3	1	2025-11-13_19h09.40.854	intentional-binding		2025.1.1	60.07102798	2025-11-13 19h10.01.027071 +0530
0.7	400	unexp	246	6	20	space	5.2030593	None	991	1	[4.909453200001735]	[4.90946399999666]	20	6	246	2	3332.201239		3332.186125	3332.201239	3333.201416	3333.201416	3333.201416	3338.418844	space	5.2030593	None	3338.419935	3339.134339	3339.442345	3339.432713	3339.434154	3339.442345	3339.442345	3339.442345	3344.352121	991	1	[4.909453200001735]	[4.90946399999666]	3	1	2025-11-13_19h09.40.854	intentional-binding		2025.1.1	60.07102798	2025-11-13 19h10.01.027071 +0530
0.4	1000	exp	247	7	20	space	1.0671858	None	277	1	[8.711244799997075]	[8.711256700000376]	20	7	247	4	3344.367815		3344.352415	3344.367815	3345.367614	3345.367614	3345.367614	3346.451399	space	1.0671858	None	3346.452455	3346.850742	3347.156387	3347.139224	3347.139933	3347.156387	3347.156387	3347.156387	3355.868073	277	1	[8.711244799997075]	[8.711256700000376]	3	1	2025-11-13_19h09.40.854	intentional-binding		2025.1.1	60.07102798	2025-11-13 19h10.01.027071 +0530
0.1	1000	exp	248	8	20	space	0.9042474	None	588	1	[1.6800029000005452]	[1.6800244000041857]	20	8	248	9	3355.88354		3355.868354	3355.88354	3356.88351	3356.88351	3356.88351	3357.80121	space	0.9042474	None	3357.802227	3357.916885	3358.238451	3358.218922	3358.219762	3358.238451	3358.238451	3358.238451	3359.919194	588	1	[1.6800029000005452]	[1.6800244000041857]	3	1	2025-11-13_19h09.40.854	intentional-binding		2025.1.1	60.07102798	2025-11-13 19h10.01.027071 +0530
0.1	400	unexp	249	9	20	space	0.6520671	None	433	1	[1.8409529000055045]	[1.8410154000011971]	20	9	249	0	3359.933285		3359.91978	3359.933285	3360.93326	3360.93326	3360.93326	3361.601128	space	0.6520671	None	3361.60244	3361.716721	3362.026365	3362.009906	3362.010744	3362.026365	3362.026365	3362.026365	3363.868027	433	1	[1.8409529000055045]	[1.8410154000011971]	3	1	2025-11-13_19h09.40.854	intentional-binding		2025.1.1	60.07102798	2025-11-13 19h10.01.027071 +0530
0.4	1000	exp	250	10	20	space	0.5567313	None	655	1	[2.21789539999736]	[2.2179153000033693]	20	10	250	10	3363.883123		3363.868423	3363.883123	3364.883091	3364.883091	3364.883091	3365.450544	space	0.5567313	None	3365.451489	3365.84964	3366.166161	3366.151038	3366.151582	3366.166161	3366.166161	3366.166161	3368.384719	655	1	[2.21789539999736]	[2.2179153000033693]	3	1	2025-11-13_19h09.40.854	intentional-binding		2025.1.1	60.07102798	2025-11-13 19h10.01.027071 +0530
0.7	1000	exp	251	11	20	space	0.7297449	None	766	1	[1.9696911000064574]	[1.9697067999950377]	20	11	251	5	3368.399496		3368.385257	3368.399496	3369.399869	3369.399869	3369.399869	3370.133544	space	0.7297449	None	3370.134617	3370.849375	3371.165383	3371.14974	3371.150528	3371.165383	3371.165383	3371.165383	3373.135549	766	1	[1.9696911000064574]	[1.9697067999950377]	3	1	2025-11-13_19h09.40.854	intentional-binding		2025.1.1	60.07102798	2025-11-13 19h10.01.027071 +0530
0.1	400	unexp	252	0	21	space	0.7354005	None	466	1	[6.472778700001072]	[6.472870300000068]	21	0	252	0	3373.149298		3373.13596	3373.149298	3374.149331	3374.149331	3374.149331	3374.900103	space	0.7354005	None	3374.9015	3375.016162	3375.327547	3375.311219	3375.311943	3375.327547	3375.327547	3375.327547	3381.801165	466	1	[6.472778700001072]	[6.472870300000068]	3	1	2025-11-13_19h09.40.854	intentional-binding		2025.1.1	60.07102798	2025-11-13 19h10.01.027071 +0530
0.4	1000	exp	253	1	21	space	2.4703066	None	744	1	[2.2550798000011127]	[2.255096399996546]	21	1	253	10	3381.815437		3381.801809	3381.815437	3382.815578	3382.815578	3382.815578	3385.299397	space	2.4703066	None	3385.300379	3385.698786	3386.011863	3385.995492	3385.996233	3386.011863	3386.011863	3386.011863	3388.267634	744	1	[2.2550798000011127]	[2.255096399996546]	3	1	2025-11-13_19h09.40.854	intentional-binding		2025.1.1	60.07102798	2025-11-13 19h10.01.027071 +0530
0.7	1000	exp	254	2	21	space	0.8701554	None	844	1	[1.8374093000020366]	[1.83742809999967]	21	2	254	11	3388.282364		3388.269213	3388.282364	3389.281873	3389.281873	3389.281873	3390.16605	space	0.8701554	None	3390.16703	3390.865209	3391.179062	3391.159327	3391.159913	3391.179062	3391.179062	3391.179062	3393.017014	844	1	[1.8374093000020366]	[1.83742809999967]	3	1	2025-11-13_19h09.40.854	intentional-binding		2025.1.1	60.07102798	2025-11-13 19h10.01.027071 +0530
0.4	1000	exp	255	3	21	space	0.7339646	None	655	1	[2.125657000011415]	[2.1256718000076944]	21	3	255	7	3393.031697		3393.017565	3393.031697	3394.031558	3394.031558	3394.031558	3394.782673	space	0.7339646	None	3394.783575	3395.198312	3395.506496	3395.491764	3395.49258	3395.506496	3395.506496	3395.506496	3397.632584	655	1	[2.125657000011415]	[2.1256718000076944]	3	1	2025-11-13_19h09.40.854	intentional-binding		2025.1.1	60.07102798	2025-11-13 19h10.01.027071 +0530
0.7	1000	exp	256	4	21	space	1.5716617	None	988	1	[1.814426500000991]	[1.814436200002092]	21	4	256	8	3397.64803		3397.633143	3397.64803	3398.648103	3398.648103	3398.648103	3400.23231	space	1.5716617	None	3400.233304	3400.947887	3401.267795	3401.25178	3401.252352	3401.267795	3401.267795	3401.267795	3403.082548	988	1	[1.814426500000991]	[1.814436200002092]	3	1	2025-11-13_19h09.40.854	intentional-binding		2025.1.1	60.07102798	2025-11-13 19h10.01.027071 +0530
0.7	1000	exp	257	5	21	space	0.8114163	None	877	1	[3.1891867999947863]	[3.1892106999875978]	21	5	257	5	3403.097764		3403.082817	3403.097764	3404.097706	3404.097706	3404.097706	3404.915121	space	0.8114163	None	3404.916499	3405.614306	3405.925805	3405.909894	3405.910595	3405.925805	3405.925805	3405.925805	3409.115874	877	1	[3.1891867999947863]	[3.1892106999875978]	3	1	2025-11-13_19h09.40.854	intentional-binding		2025.1.1	60.07102798	2025-11-13 19h10.01.027071 +0530
0.4	1000	exp	258	6	21	space	0.0163374	None	566	1	[2.598968499994953]	[2.598993099993095]	21	6	258	4	3409.130918		3409.116387	3409.130918	3410.130807	3410.130807	3410.130807	3410.148765	space	0.0163374	None	3410.150203	3410.564301	3410.882532	3410.863653	3410.864197	3410.882532	3410.882532	3410.882532	3413.482036	566	1	[2.598968499994953]	[2.598993099993095]	3	1	2025-11-13_19h09.40.854	intentional-binding		2025.1.1	60.07102798	2025-11-13 19h10.01.027071 +0530
0.4	400	unexp	259	7	21	space	1.0688388	None	766	1	[1.4174300000013318]	[1.4174461000075098]	21	7	259	1	3413.497306		3413.482402	3413.497306	3414.49713	3414.49713	3414.49713	3415.580836	space	1.0688388	None	3415.581691	3415.98063	3416.297179	3416.282979	3416.28357	3416.297179	3416.297179	3416.297179	3417.71511	766	1	[1.4174300000013318]	[1.4174461000075098]	3	1	2025-11-13_19h09.40.854	intentional-binding		2025.1.1	60.07102798	2025-11-13 19h10.01.027071 +0530
0.1	1000	exp	260	8	21	space	1.2987823	None	433	1	[1.4163511999940965]	[1.4163695000024745]	21	8	260	6	3417.730736		3417.715454	3417.730736	3418.730651	3418.730651	3418.730651	3420.031266	space	1.2987823	None	3420.032678	3420.147128	3420.464841	3420.448846	3420.44946	3420.464841	3420.464841	3420.464841	3421.881695	433	1	[1.4163511999940965]	[1.4163695000024745]	3	1	2025-11-13_19h09.40.854	intentional-binding		2025.1.1	60.07102798	2025-11-13 19h10.01.027071 +0530
0.7	400	unexp	261	9	21	space	0.6046247	None	655	1	[1.2695806000119774]	[1.2695927000022493]	21	9	261	2	3421.896933		3421.882112	3421.896933	3422.896845	3422.896845	3422.896845	3423.514017	space	0.6046247	None	3423.51513	3424.213388	3424.528322	3424.509106	3424.509891	3424.528322	3424.528322	3424.528322	3425.798408	655	1	[1.2695806000119774]	[1.2695927000022493]	3	1	2025-11-13_19h09.40.854	intentional-binding		2025.1.1	60.07102798	2025-11-13 19h10.01.027071 +0530
0.1	1000	exp	262	10	21	space	0.5369913	None	433	1	[1.0384708999918075]	[1.0384844999935012]	21	10	262	9	3425.813633		3425.7989	3425.813633	3426.813438	3426.813438	3426.813438	3427.363935	space	0.5369913	None	3427.365155	3427.463434	3427.775545	3427.761603	3427.763301	3427.775545	3427.775545	3427.775545	3428.8144	433	1	[1.0384708999918075]	[1.0384844999935012]	3	1	2025-11-13_19h09.40.854	intentional-binding		2025.1.1	60.07102798	2025-11-13 19h10.01.027071 +0530
0.1	1000	exp	263	11	21	space	0.5499817	None	322	1	[1.173099399995408]	[1.1731137000024319]	21	11	263	3	3428.829821		3428.814908	3428.829821	3429.829779	3429.829779	3429.829779	3430.380968	space	0.5499817	None	3430.38208	3430.496418	3430.808022	3430.793873	3430.794446	3430.808022	3430.808022	3430.808022	3431.981661	322	1	[1.173099399995408]	[1.1731137000024319]	3	1	2025-11-13_19h09.40.854	intentional-binding		2025.1.1	60.07102798	2025-11-13 19h10.01.027071 +0530
0.7	1000	exp	264	0	22	space	2.4165746	None	655	1	[2.4560286999912933]	[2.4560502999956952]	22	0	264	5	3431.99656		3431.982022	3431.99656	3432.996371	3432.996371	3432.996371	3435.413773	space	2.4165746	None	3435.414855	3436.113037	3436.424741	3436.408919	3436.409847	3436.424741	3436.424741	3436.424741	3438.881359	655	1	[2.4560286999912933]	[2.4560502999956952]	3	1	2025-11-13_19h09.40.854	intentional-binding		2025.1.1	60.07102798	2025-11-13 19h10.01.027071 +0530
0.7	1000	exp	265	1	22	space	1.8097286	None	877	1	[1.5315144999913173]	[1.531528999999864]	22	1	265	11	3438.896216		3438.881851	3438.896216	3439.896133	3439.896133	3439.896133	3441.713127	space	1.8097286	None	3441.714098	3442.412724	3442.731391	3442.709041	3442.70964	3442.731391	3442.731391	3442.731391	3444.263318	877	1	[1.5315144999913173]	[1.531528999999864]	3	1	2025-11-13_19h09.40.854	intentional-binding		2025.1.1	60.07102798	2025-11-13 19h10.01.027071 +0530
0.4	1000	exp	266	2	22	space	1.1969585	None	322	1	[1.090339899994433]	[1.0903581000020495]	22	2	266	7	3444.279211		3444.263623	3444.279211	3445.279134	3445.279134	3445.279134	3446.480012	space	1.1969585	None	3446.481149	3446.895791	3447.206898	3447.190564	3447.191233	3447.206898	3447.206898	3447.206898	3448.297729	322	1	[1.090339899994433]	[1.0903581000020495]	3	1	2025-11-13_19h09.40.854	intentional-binding		2025.1.1	60.07102798	2025-11-13 19h10.01.027071 +0530
0.1	1000	exp	267	3	22	space	1.7177161	None	433	1	[1.1866490999964299]	[1.1866623999958392]	22	3	267	6	3448.312258		3448.298125	3448.312258	3449.312348	3449.312348	3449.312348	3451.046429	space	1.7177161	None	3451.048441	3451.145628	3451.459335	3451.438841	3451.439415	3451.459335	3451.459335	3451.459335	3452.646385	433	1	[1.1866490999964299]	[1.1866623999958392]	3	1	2025-11-13_19h09.40.854	intentional-binding		2025.1.1	60.07102798	2025-11-13 19h10.01.027071 +0530
0.7	1000	exp	268	4	22	space	0.5997373	None	766	1	[0.9890370000066468]	[0.9890624999970896]	22	4	268	8	3452.661984		3452.646673	3452.661984	3453.661886	3453.661886	3453.661886	3454.262972	space	0.5997373	None	3454.264299	3454.978789	3455.290916	3455.272619	3455.273235	3455.290916	3455.290916	3455.290916	3456.280652	766	1	[0.9890370000066468]	[0.9890624999970896]	3	1	2025-11-13_19h09.40.854	intentional-binding		2025.1.1	60.07102798	2025-11-13 19h10.01.027071 +0530
0.1	1000	exp	269	5	22	space	0.4420876	None	211	1	[1.0550121999986004]	[1.0550318999885349]	22	5	269	9	3456.295329		3456.281043	3456.295329	3457.295186	3457.295186	3457.295186	3457.745996	space	0.4420876	None	3457.747348	3457.845274	3458.158539	3458.142552	3458.143263	3458.158539	3458.158539	3458.158539	3459.21416	211	1	[1.0550121999986004]	[1.0550318999885349]	3	1	2025-11-13_19h09.40.854	intentional-binding		2025.1.1	60.07102798	2025-11-13 19h10.01.027071 +0530
0.1	1000	exp	270	6	22	space	1.0915027	None	211	1	[1.4078373999946052]	[1.4078643999964697]	22	6	270	3	3459.228857		3459.214681	3459.228857	3460.228532	3460.228532	3460.228532	3461.329469	space	1.0915027	None	3461.330475	3461.44525	3461.755294	3461.740313	3461.741115	3461.755294	3461.755294	3461.755294	3463.164102	211	1	[1.4078373999946052]	[1.4078643999964697]	3	1	2025-11-13_19h09.40.854	intentional-binding		2025.1.1	60.07102798	2025-11-13 19h10.01.027071 +0530
0.7	400	unexp	271	7	22	space	0.5840073	None	544	1	[1.3745866999961436]	[1.37459979999403]	22	7	271	2	3463.178726		3463.164674	3463.178726	3464.178192	3464.178192	3464.178192	3464.779523	space	0.5840073	None	3464.780828	3465.49498	3465.804344	3465.789984	3465.79064	3465.804344	3465.804344	3465.804344	3467.179292	544	1	[1.3745866999961436]	[1.37459979999403]	3	1	2025-11-13_19h09.40.854	intentional-binding		2025.1.1	60.07102798	2025-11-13 19h10.01.027071 +0530
0.4	1000	exp	272	8	22	space	0.4266231	None	322	1	[1.369607200002065]	[1.3696250000066357]	22	8	272	4	3467.194649		3467.179568	3467.194649	3468.194665	3468.194665	3468.194665	3468.62873	space	0.4266231	None	3468.629765	3469.027915	3469.343949	3469.32611	3469.327272	3469.343949	3469.343949	3469.343949	3470.714194	322	1	[1.369607200002065]	[1.3696250000066357]	3	1	2025-11-13_19h09.40.854	intentional-binding		2025.1.1	60.07102798	2025-11-13 19h10.01.027071 +0530
0.1	400	unexp	273	9	22	space	0.8485025	None	111	1	[2.650599999993574]	[2.6506167000043206]	22	9	273	0	3470.728121		3470.714619	3470.728121	3471.728181	3471.728181	3471.728181	3472.578642	space	0.8485025	None	3472.579936	3472.694385	3473.01093	3472.991601	3472.992173	3473.01093	3473.01093	3473.01093	3475.662026	111	1	[2.650599999993574]	[2.6506167000043206]	3	1	2025-11-13_19h09.40.854	intentional-binding		2025.1.1	60.07102798	2025-11-13 19h10.01.027071 +0530
0.4	1000	exp	274	10	22	space	1.3701119	None	544	1	[1.1101389999967068]	[1.1101595999934943]	22	10	274	10	3475.677692		3475.662432	3475.677692	3476.677755	3476.677755	3476.677755	3478.061692	space	1.3701119	None	3478.062722	3478.461392	3478.768209	3478.758781	3478.759188	3478.768209	3478.768209	3478.768209	3479.878866	544	1	[1.1101389999967068]	[1.1101595999934943]	3	1	2025-11-13_19h09.40.854	intentional-binding		2025.1.1	60.07102798	2025-11-13 19h10.01.027071 +0530
0.4	400	unexp	275	11	22	space	1.4171906	None	544	1	[1.0564251999894623]	[1.0564414999971632]	22	11	275	1	3479.894337		3479.879269	3479.894337	3480.894044	3480.894044	3480.894044	3482.328017	space	1.4171906	None	3482.329399	3482.727294	3483.038495	3483.024194	3483.024785	3483.038495	3483.038495	3483.038495	3484.095637	544	1	[1.0564251999894623]	[1.0564414999971632]	3	1	2025-11-13_19h09.40.854	intentional-binding		2025.1.1	60.07102798	2025-11-13 19h10.01.027071 +0530
0.4	1000	exp	276	0	23	space	0.9421893	None	433	1	[0.9861930999904871]	[0.9862048999930266]	23	0	276	7	3484.110359		3484.096002	3484.110359	3485.110309	3485.110309	3485.110309	3486.061145	space	0.9421893	None	3486.06211	3486.460604	3486.775053	3486.760299	3486.761076	3486.775053	3486.775053	3486.775053	3487.761609	433	1	[0.9861930999904871]	[0.9862048999930266]	3	1	2025-11-13_19h09.40.854	intentional-binding		2025.1.1	60.07102798	2025-11-13 19h10.01.027071 +0530
0.4	1000	exp	277	1	23	space	1.164106	None	655	1	[0.8639173999981722]	[0.8639287000114564]	23	1	277	4	3487.777041		3487.76191	3487.777041	3488.777154	3488.777154	3488.777154	3489.944568	space	1.164106	None	3489.945529	3490.360147	3490.680089	3490.662754	3490.663325	3490.680089	3490.680089	3490.680089	3491.544345	655	1	[0.8639173999981722]	[0.8639287000114564]	3	1	2025-11-13_19h09.40.854	intentional-binding		2025.1.1	60.07102798	2025-11-13 19h10.01.027071 +0530
0.1	1000	exp	278	2	23	space	0.6618681	None	322	1	[1.2772184000059497]	[1.2772432000056142]	23	2	278	3	3491.560025		3491.544619	3491.560025	3492.560225	3492.560225	3492.560225	3493.227761	space	0.6618681	None	3493.229387	3493.343482	3493.651536	3493.640023	3493.640634	3493.651536	3493.651536	3493.651536	3494.92953	322	1	[1.2772184000059497]	[1.2772432000056142]	3	1	2025-11-13_19h09.40.854	intentional-binding		2025.1.1	60.07102798	2025-11-13 19h10.01.027071 +0530
0.4	1000	exp	279	3	23	space	0.4796401	None	455	1	[3.551510600009351]	[3.5515343000006396]	23	3	279	10	3494.94344		3494.930094	3494.94344	3495.943545	3495.943545	3495.943545	3496.426918	space	0.4796401	None	3496.427709	3496.82666	3497.142563	3497.121084	3497.121753	3497.142563	3497.142563	3497.142563	3500.694706	455	1	[3.551510600009351]	[3.5515343000006396]	3	1	2025-11-13_19h09.40.854	intentional-binding		2025.1.1	60.07102798	2025-11-13 19h10.01.027071 +0530
0.4	400	unexp	280	4	23	space	2.0064028	None	544	1	[2.417956299992511]	[2.417972199997166]	23	4	280	1	3500.710105		3500.695272	3500.710105	3501.709608	3501.709608	3501.709608	3503.727433	space	2.0064028	None	3503.728651	3504.142968	3504.459138	3504.441015	3504.442423	3504.459138	3504.459138	3504.459138	3506.877551	544	1	[2.417956299992511]	[2.417972199997166]	3	1	2025-11-13_19h09.40.854	intentional-binding		2025.1.1	60.07102798	2025-11-13 19h10.01.027071 +0530
0.7	400	unexp	281	5	23	space	1.821156	None	678	1	[9.886880100006238]	[9.886893300004886]	23	5	281	2	3506.892705		3506.87795	3506.892705	3507.892797	3507.892797	3507.892797	3509.726685	space	1.821156	None	3509.727869	3510.426315	3510.739101	3510.72095	3510.721666	3510.739101	3510.739101	3510.739101	3520.626675	678	1	[9.886880100006238]	[9.886893300004886]	3	1	2025-11-13_19h09.40.854	intentional-binding		2025.1.1	60.07102798	2025-11-13 19h10.01.027071 +0530
0.1	1000	exp	282	6	23	space	0.8161834	None	233	1	[1.840102800008026]	[1.840120200009551]	23	6	282	9	3520.641995		3520.627015	3520.641995	3521.642119	3521.642119	3521.642119	3522.459928	space	0.8161834	None	3522.461284	3522.575494	3522.886272	3522.869669	3522.870634	3522.886272	3522.886272	3522.886272	3524.726867	233	1	[1.840102800008026]	[1.840120200009551]	3	1	2025-11-13_19h09.40.854	intentional-binding		2025.1.1	60.07102798	2025-11-13 19h10.01.027071 +0530
0.7	1000	exp	283	7	23	space	1.3299143	None	544	1	[1.1903946000093129]	[1.1904153000068618]	23	7	283	5	3524.742228		3524.727346	3524.742228	3525.742047	3525.742047	3525.742047	3527.075767	space	1.3299143	None	3527.07674	3527.774932	3528.085663	3528.071879	3528.072624	3528.085663	3528.085663	3528.085663	3529.276682	544	1	[1.1903946000093129]	[1.1904153000068618]	3	1	2025-11-13_19h09.40.854	intentional-binding		2025.1.1	60.07102798	2025-11-13 19h10.01.027071 +0530
0.7	1000	exp	284	8	23	space	2.1212111	None	766	1	[1.549137800000608]	[1.5491490999993403]	23	8	284	11	3529.291964		3529.277288	3529.291964	3530.291661	3530.291661	3530.291661	3532.426926	space	2.1212111	None	3532.428058	3533.141883	3533.459409	3533.442711	3533.443309	3533.459409	3533.459409	3533.459409	3535.009	766	1	[1.549137800000608]	[1.5491490999993403]	3	1	2025-11-13_19h09.40.854	intentional-binding		2025.1.1	60.07102798	2025-11-13 19h10.01.027071 +0530
0.1	1000	exp	285	9	23	space	1.564018	None	544	1	[1.233393900009105]	[1.2334182000049623]	23	9	285	6	3535.024581		3535.009322	3535.024581	3536.024782	3536.024782	3536.024782	3537.592027	space	1.564018	None	3537.59369	3537.691246	3538.009852	3537.994122	3537.994763	3538.009852	3538.009852	3538.009852	3539.24401	544	1	[1.233393900009105]	[1.2334182000049623]	3	1	2025-11-13_19h09.40.854	intentional-binding		2025.1.1	60.07102798	2025-11-13 19h10.01.027071 +0530
0.7	1000	exp	286	10	23	space	0.5960856	None	888	1	[1.2240763000008883]	[1.2240904000063892]	23	10	286	8	3539.257891		3539.244863	3539.257891	3540.257763	3540.257763	3540.257763	3540.858355	space	0.5960856	None	3540.859097	3541.557908	3541.867482	3541.852591	3541.853262	3541.867482	3541.867482	3541.867482	3543.092204	888	1	[1.2240763000008883]	[1.2240904000063892]	3	1	2025-11-13_19h09.40.854	intentional-binding		2025.1.1	60.07102798	2025-11-13 19h10.01.027071 +0530
0.7	1000	exp	0	0	0	space	2.415339	None	"876
 "	1	[9.357862699995167]	[9.35787170000549]	0	0	0	8	0.0250195		0.0223464	0.0250195	1.0030606	1.0030606	1.0358457	3.4384145	space	2.415339	None	3.439581	4.152350267	4.4783534	4.4528518	4.4542779	4.4783534	4.4783534	4.4783534	13.8366362	"876
 "	1	[9.357862699995167]	[9.35787170000549]	2	1	2025-11-13_17h39.41.075	intentional-binding		2025.1.1	59.94014377	2025-11-13 17h39.50.552214 +0530
0.1	400	unexp	1	1	0	space	2.8772217	None		1	[1.0613831000082428]	[1.0613967000099365]	0	1	1	0	13.8517046		13.8368809	13.8517046	14.8518443	14.8518443	14.8518443	17.7354044	space	2.8772217	None	17.7371309	17.83513117	18.1491428	18.1326101	18.1332168	18.1491428	18.1491428	18.1491428	19.2109242		1	[1.0613831000082428]	[1.0613967000099365]	2	1	2025-11-13_17h39.41.075	intentional-binding		2025.1.1	59.94014377	2025-11-13 17h39.50.552214 +0530
0.1	1000	exp	2	2	0	space	4.4107814	None	234	1	[5.376587500009919]	[5.376605700002983]	0	2	2	9	19.2136418		19.2113663	19.2136418	20.2180668	20.2180668	20.2180668	24.6354372	space	4.4107814	None	24.6365001	24.73462707	25.0420534	25.0309774	25.0315891	25.0420534	25.0420534	25.0420534	30.4191477	234	1	[5.376587500009919]	[5.376605700002983]	2	1	2025-11-13_17h39.41.075	intentional-binding		2025.1.1	59.94014377	2025-11-13 17h39.50.552214 +0530
0.4	1000	exp	3	3	0	space	4.7401483	None	276	1	[4.601842999996734]	[4.601864099997329]	0	3	3	7	30.4345731		30.4195638	30.4345731	31.4343905	31.4343905	31.4343905	36.1852495	space	4.7401483	None	36.1867182	36.60046157	36.9169416	36.9005506	36.9014965	36.9169416	36.9169416	36.9169416	41.5193895	276	1	[4.601842999996734]	[4.601864099997329]	2	1	2025-11-13_17h39.41.075	intentional-binding		2025.1.1	59.94014377	2025-11-13 17h39.50.552214 +0530
0.4	1000	exp	4	4	0	space	2.1850121	None	178	1	[7.065420799990534]	[7.065442599996459]	0	4	4	4	41.5335642		41.5199394	41.5335642	42.5334195	42.5334195	42.5334195	44.7345822	space	2.1850121	None	44.7359532	45.15038907	45.4697019	45.4505411	45.4511803	45.4697019	45.4697019	45.4697019	52.5357667	178	1	[7.065420799990534]	[7.065442599996459]	2	1	2025-11-13_17h39.41.075	intentional-binding		2025.1.1	59.94014377	2025-11-13 17h39.50.552214 +0530
0.7	400	unexp	5	5	0	space	1.2524792	None	754	1	[10.451066300011007]	[10.451082300001872]	0	5	5	2	52.5499622		52.5361903	52.5499622	53.5500538	53.5500538	53.5500538	54.8176694	space	1.2524792	None	54.8187159	55.53309637	55.8481324	55.8327221	55.8336821	55.8481324	55.8481324	55.8481324	66.300522	754	1	[10.451066300011007]	[10.451082300001872]	2	1	2025-11-13_17h39.41.075	intentional-binding		2025.1.1	59.94014377	2025-11-13 17h39.50.552214 +0530
0.4	1000	exp	6	6	0	space	1.9081337	None	564	1	[8.24598330000299]	[8.245992500000284]	0	6	6	10	66.3158138		66.300934	66.3158138	67.3157854	67.3157854	67.3157854	69.2329734	space	1.9081337	None	69.2340104	69.63241857	69.9535322	69.9317707	69.9328513	69.9535322	69.9535322	69.9535322	78.1998562	564	1	[8.24598330000299]	[8.245992500000284]	2	1	2025-11-13_17h39.41.075	intentional-binding		2025.1.1	59.94014377	2025-11-13 17h39.50.552214 +0530
0.1	1000	exp	7	7	0	space	1.4836757	None	249	1	[6.049611900001764]	[6.049636299998383]	0	7	7	3	78.2152819		78.2001426	78.2152819	79.2152423	79.2152423	79.2152423	80.7162688	space	1.4836757	None	80.717726	80.81549297	81.1334042	81.1103349	81.1113298	81.1334042	81.1334042	81.1334042	87.1836699	249	1	[6.049611900001764]	[6.049636299998383]	2	1	2025-11-13_17h39.41.075	intentional-binding		2025.1.1	59.94014377	2025-11-13 17h39.50.552214 +0530
0.7	1000	exp	8	8	0	space	0.116927	None	499	1	[4.980230000001029]	[4.98024110001279]	0	8	8	5	87.1981492		87.1841319	87.1981492	88.1981198	88.1981198	88.1981198	88.3326855	space	0.116927	None	88.33374	89.04824597	89.3685341	89.3505346	89.3516003	89.3685341	89.3685341	89.3685341	94.3491079	499	1	[4.980230000001029]	[4.98024110001279]	2	1	2025-11-13_17h39.41.075	intentional-binding		2025.1.1	59.94014377	2025-11-13 17h39.50.552214 +0530
0.7	1000	exp	9	9	0	space	11.2076557	None	444	1	[7.370901299989782]	[7.370913199993083]	0	9	9	11	94.3646655		94.3494579	94.3646655	95.3644433	95.3644433	95.3644433	106.5817705	space	11.2076557	None	106.5829257	107.2971809	107.610506	107.5935526	107.594425	107.610506	107.610506	107.610506	114.9817774	444	1	[7.370901299989782]	[7.370913199993083]	2	1	2025-11-13_17h39.41.075	intentional-binding		2025.1.1	59.94014377	2025-11-13 17h39.50.552214 +0530
0.1	1000	exp	10	10	0	space	3.1773617	None	345	1	[6.428639999998268]	[6.4286557000014]	0	10	10	6	114.9969385		114.9822068	114.9969385	115.9969622	115.9969622	115.9969622	119.1811424	space	3.1773617	None	119.1822528	119.2967013	119.6197643	119.5994638	119.6001761	119.6197643	119.6197643	119.6197643	126.0488747	345	1	[6.428639999998268]	[6.4286557000014]	2	1	2025-11-13_17h39.41.075	intentional-binding		2025.1.1	59.94014377	2025-11-13 17h39.50.552214 +0530
0.4	400	unexp	11	11	0	space	0.7002708	None	578	1	[11.551132900000084]	[11.551142500000424]	0	11	11	1	126.0629565		126.0492576	126.0629565	127.0628488	127.0628488	127.0628488	127.7804448	space	0.7002708	None	127.7815661	128.1795432	128.4955725	128.4814278	128.4821661	128.4955725	128.4955725	128.4955725	140.0470356	578	1	[11.551132900000084]	[11.551142500000424]	2	1	2025-11-13_17h39.41.075	intentional-binding		2025.1.1	59.94014377	2025-11-13 17h39.50.552214 +0530
0.7	1000	exp	12	0	1	space	0.8694533	None	888	1	[3.665267699994729]	[3.6652821999887237]	1	0	12	5	140.0624166		140.0473174	140.0624166	141.0626624	141.0626624	141.0626624	141.9466676	space	0.8694533	None	141.9478432	142.6626459	142.9814489	142.9634117	142.9640366	142.9814489	142.9814489	142.9814489	146.6471784	888	1	[3.665267699994729]	[3.6652821999887237]	2	1	2025-11-13_17h39.41.075	intentional-binding		2025.1.1	59.94014377	2025-11-13 17h39.50.552214 +0530
0.7	1000	exp	13	1	1	space	2.4814099	None	676	1	[3.1560348000057274]	[3.1560488999966765]	1	1	13	8	146.6621003		146.6477831	146.6621003	147.6619758	147.6619758	147.6619758	150.1455005	space	2.4814099	None	150.1462471	150.8448767	151.156883	151.1417287	151.1424315	151.156883	151.156883	151.156883	154.3134	676	1	[3.1560348000057274]	[3.1560488999966765]	2	1	2025-11-13_17h39.41.075	intentional-binding		2025.1.1	59.94014377	2025-11-13 17h39.50.552214 +0530
0.7	1000	exp	14	2	1	space	1.1958234	None	654	1	[5.864219399998547]	[5.8642303999949945]	1	2	14	11	154.328039		154.3137894	154.328039	155.3279794	155.3279794	155.3279794	156.5287956	space	1.1958234	None	156.5297054	157.2286236	157.5474659	157.5301408	157.530961	157.5474659	157.5474659	157.5474659	163.4121023	654	1	[5.864219399998547]	[5.8642303999949945]	2	1	2025-11-13_17h39.41.075	intentional-binding		2025.1.1	59.94014377	2025-11-13 17h39.50.552214 +0530
0.4	1000	exp	15	3	1	space	4.529963	None	599	1	[6.181198799997219]	[6.181214500000351]	1	3	15	4	163.4277309		163.412534	163.4277309	164.4278195	164.4278195	164.4278195	168.9627884	space	4.529963	None	168.9643983	169.3779025	169.696392	169.6782486	169.6790386	169.696392	169.696392	169.696392	175.8780519	599	1	[6.181198799997219]	[6.181214500000351]	2	1	2025-11-13_17h39.41.075	intentional-binding		2025.1.1	59.94014377	2025-11-13 17h39.50.552214 +0530
0.4	400	unexp	16	4	1	space	0.1215618	None	398	1	[3.77413279999746]	[3.7741562000010163]	1	4	16	1	175.8938204		175.8784514	175.8938204	176.8771276	176.8771276	176.8938358	177.0117405	space	0.1215618	None	177.0127821	177.4272241	177.7383984	177.7214045	177.7220687	177.7383984	177.7383984	177.7383984	181.5133983	398	1	[3.77413279999746]	[3.7741562000010163]	2	1	2025-11-13_17h39.41.075	intentional-binding		2025.1.1	59.94014377	2025-11-13 17h39.50.552214 +0530
0.1	1000	exp	17	5	1	space	0.0526574	None	188	1	[5.28759639999771]	[5.287612700005411]	1	5	17	3	181.5266766		181.5140218	181.5266766	182.5268002	182.5268002	182.5268002	182.5943317	space	0.0526574	None	182.5956408	182.7104512	183.0247893	183.008753	183.0103352	183.0247893	183.0247893	183.0247893	188.3128745	188	1	[5.28759639999771]	[5.287612700005411]	2	1	2025-11-13_17h39.41.075	intentional-binding		2025.1.1	59.94014377	2025-11-13 17h39.50.552214 +0530
0.4	1000	exp	18	6	1	space	3.6273506	None	677	1	[3.8504982000013115]	[3.8505127999960678]	1	6	18	7	188.3264871		188.3134361	188.3264871	189.326596	189.326596	189.326596	192.9606691	space	3.6273506	None	192.9617157	193.3597799	193.6762444	193.6606536	193.661785	193.6762444	193.6762444	193.6762444	197.5272211	677	1	[3.8504982000013115]	[3.8505127999960678]	2	1	2025-11-13_17h39.41.075	intentional-binding		2025.1.1	59.94014377	2025-11-13 17h39.50.552214 +0530
0.4	1000	exp	19	7	1	space	1.3800483	None	788	1	[3.072175099994638]	[3.072188499994809]	1	7	19	10	197.5428838		197.52766	197.5428838	198.5427897	198.5427897	198.5427897	199.9265679	space	1.3800483	None	199.9273147	200.3261425	200.6378015	200.6206797	200.6213962	200.6378015	200.6378015	200.6378015	203.7104173	788	1	[3.072175099994638]	[3.072188499994809]	2	1	2025-11-13_17h39.41.075	intentional-binding		2025.1.1	59.94014377	2025-11-13 17h39.50.552214 +0530
0.1	400	unexp	20	8	1	space	5.9289746	None	543	1	[5.5246403999917675]	[5.524663399992278]	1	8	20	0	203.7258313		203.7107907	203.7258313	204.7258294	204.7258294	204.7258294	210.6595099	space	5.9289746	None	210.6605144	210.7594254	211.0690769	211.0525225	211.0532061	211.0690769	211.0690769	211.0690769	216.5945437	543	1	[5.5246403999917675]	[5.524663399992278]	2	1	2025-11-13_17h39.41.075	intentional-binding		2025.1.1	59.94014377	2025-11-13 17h39.50.552214 +0530
0.1	1000	exp	21	9	1	space	1.5809031	None	100	1	[5.6723919000069145]	[5.672405700010131]	1	9	21	6	216.6085174		216.5949348	216.6085174	217.6087673	217.6087673	217.6087673	219.1922568	space	1.5809031	None	219.1929452	219.2916775	219.6029033	219.5923067	219.592693	219.6029033	219.6029033	219.6029033	225.2757039	100	1	[5.6723919000069145]	[5.672405700010131]	2	1	2025-11-13_17h39.41.075	intentional-binding		2025.1.1	59.94014377	2025-11-13 17h39.50.552214 +0530
0.7	400	unexp	22	10	1	space	0.6157761	None	989	1	[3.9055647000059253]	[3.9055802000075346]	1	10	22	2	225.2912915		225.276143	225.2912915	226.2918432	226.2918432	226.2918432	226.9090987	space	0.6157761	None	226.9103577	227.6248072	227.9369057	227.9217779	227.9224176	227.9369057	227.9369057	227.9369057	231.8429651	989	1	[3.9055647000059253]	[3.9055802000075346]	2	1	2025-11-13_17h39.41.075	intentional-binding		2025.1.1	59.94014377	2025-11-13 17h39.50.552214 +0530
0.1	1000	exp	23	11	1	space	2.2245925	None	434	1	[4.146191899999394]	[4.146220700000413]	1	11	23	9	231.8576842		231.843407	231.8576842	232.8579088	232.8579088	232.8579088	235.0923701	space	2.2245925	None	235.0937807	235.2082563	235.5289298	235.5094049	235.5100374	235.5289298	235.5289298	235.5289298	239.6758456	434	1	[4.146191899999394]	[4.146220700000413]	2	1	2025-11-13_17h39.41.075	intentional-binding		2025.1.1	59.94014377	2025-11-13 17h39.50.552214 +0530
0.7	1000	exp	24	0	2	space	1.1009383	None	879	1	[5.843816999986302]	[5.843840799992904]	2	0	24	5	239.6913172		239.6762618	239.6913172	240.6907003	240.6907003	240.6907003	241.8082731	space	1.1009383	None	241.8092444	242.5074464	242.8316162	242.8115055	242.8121332	242.8316162	242.8316162	242.8316162	248.6762328	879	1	[5.843816999986302]	[5.843840799992904]	2	1	2025-11-13_17h39.41.075	intentional-binding		2025.1.1	59.94014377	2025-11-13 17h39.50.552214 +0530
0.4	1000	exp	25	1	2	space	0.7332328	None	777	1	[4.94505150000623]	[4.94507230000454]	2	1	25	10	248.6910562		248.676758	248.6910562	249.6903905	249.6903905	249.6903905	250.4410552	space	0.7332328	None	250.4422716	250.8403178	251.1638926	251.1435948	251.1443867	251.1638926	251.1638926	251.1638926	256.1094944	777	1	[4.94505150000623]	[4.94507230000454]	2	1	2025-11-13_17h39.41.075	intentional-binding		2025.1.1	59.94014377	2025-11-13 17h39.50.552214 +0530
0.1	1000	exp	26	2	2	space	0.7321978	None	213	1	[6.490154999992228]	[6.490168099990115]	2	2	26	3	256.1230575		256.1100173	256.1230575	257.1233167	257.1233167	257.1233167	257.8576511	space	0.7321978	None	257.859055	257.97322	258.2860504	258.2702399	258.2709141	258.2860504	258.2860504	258.2860504	264.7766387	213	1	[6.490154999992228]	[6.490168099990115]	2	1	2025-11-13_17h39.41.075	intentional-binding		2025.1.1	59.94014377	2025-11-13 17h39.50.552214 +0530
0.1	1000	exp	27	3	2	space	4.6546276	None	543	1	[5.522994800005108]	[5.523018399995635]	2	3	27	9	264.7895199		264.7771836	264.7895199	265.7895482	265.7895482	265.7895482	270.4566609	space	4.6546276	None	270.4577728	270.5559946	270.868263	270.8518749	270.8524736	270.868263	270.868263	270.868263	276.3918315	543	1	[5.522994800005108]	[5.523018399995635]	2	1	2025-11-13_17h39.41.075	intentional-binding		2025.1.1	59.94014377	2025-11-13 17h39.50.552214 +0530
0.4	1000	exp	28	4	2	space	1.6129495	None	455	1	[4.7967754999990575]	[4.796790099993814]	2	4	28	4	276.4056217		276.3922471	276.4056217	277.4056717	277.4056717	277.4056717	279.0232722	space	1.6129495	None	279.0243883	279.4389705	279.7597257	279.7416013	279.7422316	279.7597257	279.7597257	279.7597257	284.5569892	455	1	[4.7967754999990575]	[4.796790099993814]	2	1	2025-11-13_17h39.41.075	intentional-binding		2025.1.1	59.94014377	2025-11-13 17h39.50.552214 +0530
0.7	400	unexp	29	5	2	space	2.8002226	None	435	1	[3.118549399994663]	[3.118561800001771]	2	5	29	2	284.5720978		284.5574575	284.5720978	285.5716841	285.5716841	285.5716841	288.3732125	space	2.8002226	None	288.3742875	289.0887358	289.4034515	289.3893246	289.3898929	289.4034515	289.4034515	289.4034515	292.523208	435	1	[3.118549399994663]	[3.118561800001771]	2	1	2025-11-13_17h39.41.075	intentional-binding		2025.1.1	59.94014377	2025-11-13 17h39.50.552214 +0530
0.7	1000	exp	30	6	2	space	0.9676758	None	798	1	[4.040001000001212]	[4.040022200002568]	2	6	30	8	292.5383295		292.5235058	292.5383295	293.5380097	293.5380097	293.5380097	294.5228227	space	0.9676758	None	294.5239134	295.2378555	295.5493845	295.5305297	295.5314268	295.5493845	295.5493845	295.5493845	299.590189	798	1	[4.040001000001212]	[4.040022200002568]	2	1	2025-11-13_17h39.41.075	intentional-binding		2025.1.1	59.94014377	2025-11-13 17h39.50.552214 +0530
0.1	1000	exp	31	7	2	space	3.0680714	None	200	1	[2.767743199990946]	[2.767766399992979]	2	7	31	6	299.6045582		299.5909847	299.6045582	300.6046194	300.6046194	300.6046194	303.6887254	space	3.0680714	None	303.6897981	303.7880629	304.1049464	304.0891348	304.0897474	304.1049464	304.1049464	304.1049464	306.8733817	200	1	[2.767743199990946]	[2.767766399992979]	2	1	2025-11-13_17h39.41.075	intentional-binding		2025.1.1	59.94014377	2025-11-13 17h39.50.552214 +0530
0.7	1000	exp	32	8	2	space	2.4990466	None	355	1	[3.7510373999975855]	[3.751059799993527]	2	8	32	11	306.8873533		306.874108	306.8873533	307.8872061	307.8872061	307.8872061	310.3883544	space	2.4990466	None	310.3893064	311.0874402	311.4034049	311.3868017	311.3877775	311.4034049	311.4034049	311.4034049	315.1551753	355	1	[3.7510373999975855]	[3.751059799993527]	2	1	2025-11-13_17h39.41.075	intentional-binding		2025.1.1	59.94014377	2025-11-13 17h39.50.552214 +0530
0.1	400	unexp	33	9	2	space	11.2850691	None	184	1	[4.687132000006386]	[4.687151000005542]	2	9	33	0	315.1703638		315.1555501	315.1703638	316.1703496	316.1703496	316.1703496	327.4707405	space	11.2850691	None	327.4725692	327.5865343	327.8999307	327.8886635	327.8891278	327.8999307	327.8999307	327.8999307	332.5876156	184	1	[4.687132000006386]	[4.687151000005542]	2	1	2025-11-13_17h39.41.075	intentional-binding		2025.1.1	59.94014377	2025-11-13 17h39.50.552214 +0530
0.4	400	unexp	34	10	2	space	1.0979147	None	234	1	[3.669699899997795]	[3.6697169999970356]	2	10	34	1	332.6028017		332.5880461	332.6028017	333.6030538	333.6030538	333.6030538	334.7038235	space	1.0979147	None	334.7048635	335.1029083	335.4175141	335.399517	335.4003395	335.4175141	335.4175141	335.4175141	339.0877269	234	1	[3.669699899997795]	[3.6697169999970356]	2	1	2025-11-13_17h39.41.075	intentional-binding		2025.1.1	59.94014377	2025-11-13 17h39.50.552214 +0530
0.4	1000	exp	35	11	2	space	0.4100585	None	333	1	[6.288182500007679]	[6.288197500005481]	2	11	35	7	339.1027627		339.0881875	339.1027627	340.1024775	340.1024775	340.1024775	340.5200759	space	0.4100585	None	340.5216624	340.9191461	341.2319653	341.216355	341.2169158	341.2319653	341.2319653	341.2319653	347.520647	333	1	[6.288182500007679]	[6.288197500005481]	2	1	2025-11-13_17h39.41.075	intentional-binding		2025.1.1	59.94014377	2025-11-13 17h39.50.552214 +0530
0.1	400	unexp	36	0	3	space	0.9266076	None	222	1	[6.740095500004827]	[6.7401183000038145]	3	0	36	0	347.5353331		347.5210504	347.5353331	348.5354957	348.5354957	348.5354957	349.4702333	space	0.9266076	None	349.4718316	349.5854676	349.8966824	349.8807241	349.8816101	349.8966824	349.8966824	349.8966824	356.6373971	222	1	[6.740095500004827]	[6.7401183000038145]	2	1	2025-11-13_17h39.41.075	intentional-binding		2025.1.1	59.94014377	2025-11-13 17h39.50.552214 +0530
0.1	1000	exp	37	1	3	space	0.3339076	None	123	1	[7.044550899998285]	[7.044567200005986]	3	1	37	6	356.6519604		356.6379819	356.6519604	357.6518656	357.6518656	357.6518656	358.0029883	space	0.3339076	None	358.0043102	358.1184153	358.4414384	358.4215691	358.4222189	358.4414384	358.4414384	358.4414384	365.486528	123	1	[7.044550899998285]	[7.044567200005986]	2	1	2025-11-13_17h39.41.075	intentional-binding		2025.1.1	59.94014377	2025-11-13 17h39.50.552214 +0530
0.4	400	unexp	38	2	3	space	1.6405599	None	333	1	[3.325984299997799]	[3.3260006000055]	3	2	38	1	365.501414		365.4869344	365.501414	366.5014424	366.5014424	366.5014424	368.1517529	space	1.6405599	None	368.1524945	368.5509888	368.8594625	368.8478772	368.8483166	368.8594625	368.8594625	368.8594625	372.1858939	333	1	[3.325984299997799]	[3.3260006000055]	2	1	2025-11-13_17h39.41.075	intentional-binding		2025.1.1	59.94014377	2025-11-13 17h39.50.552214 +0530
0.7	400	unexp	39	3	3	space	1.8919489	None	699	1	[4.4571182999934535]	[4.457140499987872]	3	3	39	2	372.2014028		372.1862815	372.2014028	373.2010489	373.2010489	373.2010489	375.1023773	space	1.8919489	None	375.1034685	375.8179208	376.1293056	376.1122575	376.1130933	376.1293056	376.1293056	376.1293056	380.5871337	699	1	[4.4571182999934535]	[4.457140499987872]	2	1	2025-11-13_17h39.41.075	intentional-binding		2025.1.1	59.94014377	2025-11-13 17h39.50.552214 +0530
0.1	1000	exp	40	4	3	space	6.5689861	None	322	1	[4.865515800003777]	[4.865530099996249]	3	4	40	9	380.6006849		380.5877553	380.6006849	381.6004937	381.6004937	381.6004937	388.1846032	space	6.5689861	None	388.1856807	388.3002132	388.6202335	388.5998661	388.600716	388.6202335	388.6202335	388.6202335	393.4861927	322	1	[4.865515800003777]	[4.865530099996249]	2	1	2025-11-13_17h39.41.075	intentional-binding		2025.1.1	59.94014377	2025-11-13 17h39.50.552214 +0530
0.4	1000	exp	41	5	3	space	0.6732249	None	288	1	[7.03513559998828]	[7.035151099989889]	3	5	41	7	393.4999471		393.4866	393.4999471	394.500077	394.500077	394.500077	395.1849128	space	0.6732249	None	395.1862809	395.5999245	395.9150041	395.8997743	395.9007858	395.9150041	395.9150041	395.9150041	402.9507199	288	1	[7.03513559998828]	[7.035151099989889]	2	1	2025-11-13_17h39.41.075	intentional-binding		2025.1.1	59.94014377	2025-11-13 17h39.50.552214 +0530
0.7	1000	exp	42	6	3	space	2.1925398	None	444	1	[5.271863400004804]	[5.271882100001676]	3	6	42	5	402.966013		402.9511482	402.966013	403.9663472	403.9663472	403.9663472	406.1670533	space	2.1925398	None	406.1683193	406.8662381	407.1781514	407.1606744	407.1616166	407.1781514	407.1781514	407.1781514	412.4507789	444	1	[5.271863400004804]	[5.271882100001676]	2	1	2025-11-13_17h39.41.075	intentional-binding		2025.1.1	59.94014377	2025-11-13 17h39.50.552214 +0530
0.1	1000	exp	43	7	3	space	2.346224	None	343	1	[4.487842299990007]	[4.487865599992801]	3	7	43	3	412.4657773		412.4513521	412.4657773	413.4659326	413.4659326	413.4659326	415.816545	space	2.346224	None	415.8178025	415.9158112	416.2293118	416.21362	416.2142936	416.2293118	416.2293118	416.2293118	420.7178204	343	1	[4.487842299990007]	[4.487865599992801]	2	1	2025-11-13_17h39.41.075	intentional-binding		2025.1.1	59.94014377	2025-11-13 17h39.50.552214 +0530
0.4	1000	exp	44	8	3	space	1.9536245	None	144	1	[6.981094499991741]	[6.981133499997668]	3	8	44	4	420.7321675		420.7182586	420.7321675	421.7320179	421.7320179	421.7320179	423.6994422	space	1.9536245	None	423.7006319	424.0988361	424.4175526	424.3982637	424.3991399	424.4175526	424.4175526	424.4175526	431.3993671	144	1	[6.981094499991741]	[6.981133499997668]	2	1	2025-11-13_17h39.41.075	intentional-binding		2025.1.1	59.94014377	2025-11-13 17h39.50.552214 +0530
0.4	1000	exp	45	9	3	space	185.6696613	None	300	1	[5.809390100010205]	[5.809402800005046]	3	9	45	10	431.4147098		431.3997512	431.4147098	432.4146919	432.4146919	432.4146919	618.089514	space	185.6696613	None	618.0900248	618.488996	618.7965089	618.7893461	618.7897052	618.7965089	618.7965089	618.7965089	624.6063295	300	1	[5.809390100010205]	[5.809402800005046]	2	1	2025-11-13_17h39.41.075	intentional-binding		2025.1.1	59.94014377	2025-11-13 17h39.50.552214 +0530
0.7	1000	exp	46	10	3	space	0.5909649	None	600	1	[2.7113884999998845]	[2.7113944000011543]	3	10	46	11	624.621911		624.6069142	624.621911	625.6219082	625.6219082	625.6219082	626.222612	space	0.5909649	None	626.2230065	626.9218584	627.2278362	627.2216726	627.2220928	627.2278362	627.2278362	627.2278362	629.9394226	600	1	[2.7113884999998845]	[2.7113944000011543]	2	1	2025-11-13_17h39.41.075	intentional-binding		2025.1.1	59.94014377	2025-11-13 17h39.50.552214 +0530
0.7	1000	exp	47	11	3	space	2.2117778	None	630	1	[3.530398000002606]	[3.5304077999899164]	3	11	47	8	629.9553144		629.9395844	629.9553144	630.9382457	630.9382457	630.9551466	633.1553633	space	2.2117778	None	633.1558737	633.8548466	634.1587124	634.1507635	634.1511207	634.1587124	634.1587124	634.1587124	637.6894679	630	1	[3.530398000002606]	[3.5304077999899164]	2	1	2025-11-13_17h39.41.075	intentional-binding		2025.1.1	59.94014377	2025-11-13 17h39.50.552214 +0530
0.4	400	unexp	48	0	4	space	3.1978506	None	800	1	[9.19514270000218]	[9.195160700008273]	4	0	48	1	637.7046386		637.689727	637.7046386	638.704445	638.704445	638.704445	641.9050552	space	3.1978506	None	641.905657	642.3044064	642.6094056	642.5998702	642.6003462	642.6094056	642.6094056	642.6094056	651.8050223	800	1	[9.19514270000218]	[9.195160700008273]	2	1	2025-11-13_17h39.41.075	intentional-binding		2025.1.1	59.94014377	2025-11-13 17h39.50.552214 +0530
0.4	1000	exp	49	1	4	space	1.1848699	None	500	1	[2.109730900003342]	[2.1097475999995368]	4	1	49	4	651.8204645		651.8054346	651.8204645	652.8204512	652.8204512	652.8204512	654.0207773	space	1.1848699	None	654.021428	654.4203908	654.728159	654.7204784	654.7209169	654.728159	654.728159	654.728159	656.8383632	500	1	[2.109730900003342]	[2.1097475999995368]	2	1	2025-11-13_17h39.41.075	intentional-binding		2025.1.1	59.94014377	2025-11-13 17h39.50.552214 +0530
0.1	1000	exp	50	2	4	space	1.5010823	None	300	1	[4.274184599998989]	[4.274205599998822]	4	2	50	9	656.8537326		656.8387802	656.8537326	657.8536441	657.8536441	657.8536441	659.3708641	space	1.5010823	None	659.3718656	659.47016	659.7810857	659.7694114	659.769973	659.7810857	659.7810857	659.7810857	664.0559908	300	1	[4.274184599998989]	[4.274205599998822]	2	1	2025-11-13_17h39.41.075	intentional-binding		2025.1.1	59.94014377	2025-11-13 17h39.50.552214 +0530
0.1	1000	exp	51	3	4	space	0.4753611	None	3400	1	[3.454843500003335]	[3.4548506999999518]	4	3	51	6	664.0699812		664.0565948	664.0699812	665.07012	665.07012	665.07012	665.5536661	space	0.4753611	None	665.554628	665.6531055	665.9655396	665.9497126	665.9502244	665.9655396	665.9655396	665.9655396	669.4206461	3400	1	[3.454843500003335]	[3.4548506999999518]	2	1	2025-11-13_17h39.41.075	intentional-binding		2025.1.1	59.94014377	2025-11-13 17h39.50.552214 +0530
0.7	400	unexp	52	4	4	space	2.1989005	None	500	1	[2.0758341000037035]	[2.075840800011065]	4	4	52	2	669.4364302		669.4208565	669.4364302	670.419729	670.419729	670.4362539	672.6198911	space	2.1989005	None	672.6205385	673.3195944	673.6279952	673.6219199	673.6222949	673.6279952	673.6279952	673.6279952	675.7041129	500	1	[2.0758341000037035]	[2.075840800011065]	2	1	2025-11-13_17h39.41.075	intentional-binding		2025.1.1	59.94014377	2025-11-13 17h39.50.552214 +0530
0.1	400	unexp	53	5	4	space	1.2134507	None	530	1	[3.058602899996913]	[3.0586110000003828]	4	5	53	0	675.7195046		675.7043106	675.7195046	676.7193527	676.7193527	676.7193527	677.9363621	space	1.2134507	None	677.9371145	678.0359562	678.3453045	678.3379205	678.338292	678.3453045	678.3453045	678.3453045	681.4041791	530	1	[3.058602899996913]	[3.0586110000003828]	2	1	2025-11-13_17h39.41.075	intentional-binding		2025.1.1	59.94014377	2025-11-13 17h39.50.552214 +0530
0.7	1000	exp	54	6	4	space	1.2562439	None	899	1	[3.7781219000025885]	[3.778136299995822]	4	6	54	8	681.4192013		681.4043937	681.4192013	682.4192087	682.4192087	682.4192087	683.6864818	space	1.2562439	None	683.6869905	684.3857896	684.6913554	684.6808893	684.6813586	684.6913554	684.6913554	684.6913554	688.4698699	899	1	[3.7781219000025885]	[3.778136299995822]	2	1	2025-11-13_17h39.41.075	intentional-binding		2025.1.1	59.94014377	2025-11-13 17h39.50.552214 +0530
0.7	1000	exp	55	7	4	space	0.8851716	None	850	1	[4.562610900000436]	[4.562620199998491]	4	7	55	5	688.4854321		688.4701514	688.4854321	689.4854135	689.4854135	689.4854135	690.3858445	space	0.8851716	None	690.3862893	691.0853521	691.3898723	691.3816719	691.3820764	691.3898723	691.3898723	691.3898723	695.9527577	850	1	[4.562610900000436]	[4.562620199998491]	2	1	2025-11-13_17h39.41.075	intentional-binding		2025.1.1	59.94014377	2025-11-13 17h39.50.552214 +0530
0.4	1000	exp	56	8	4	space	1.7791074	None	750	1	[4.476973800003179]	[4.476985400004196]	4	8	56	7	695.9683403		695.952973	695.9683403	696.9683392	696.9683392	696.9683392	698.7521103	space	1.7791074	None	698.7526241	699.1517797	699.4585843	699.4496115	699.4500443	699.4585843	699.4585843	699.4585843	703.9359119	750	1	[4.476973800003179]	[4.476985400004196]	2	1	2025-11-13_17h39.41.075	intentional-binding		2025.1.1	59.94014377	2025-11-13 17h39.50.552214 +0530
0.1	1000	exp	57	9	4	space	0.9267527	None	800	1	[2.428122600002098]	[2.428129200008698]	4	9	57	3	703.9515837		703.9362144	703.9515837	704.9514237	704.9514237	704.9514237	705.8851219	space	0.9267527	None	705.8855486	705.9845965	706.2903853	706.2836584	706.2840969	706.2903853	706.2903853	706.2903853	708.718734	800	1	[2.428122600002098]	[2.428129200008698]	2	1	2025-11-13_17h39.41.075	intentional-binding		2025.1.1	59.94014377	2025-11-13 17h39.50.552214 +0530
0.4	1000	exp	58	10	4	space	2.6393752	None	760	1	[3.043555700001889]	[3.043562300008489]	4	10	58	10	708.7345465		708.7189292	708.7345465	709.7179092	709.7179092	709.7345821	712.3682921	space	2.6393752	None	712.3689841	712.7676583	713.0742612	713.0656643	713.0660941	713.0742612	713.0742612	713.0742612	716.118028	760	1	[3.043555700001889]	[3.043562300008489]	2	1	2025-11-13_17h39.41.075	intentional-binding		2025.1.1	59.94014377	2025-11-13 17h39.50.552214 +0530
0.7	1000	exp	59	11	4	space	0.8071047	None	700	1	[2.283974699996179]	[2.2839824999973644]	4	11	59	11	716.1340264		716.118213	716.1340264	717.1174408	717.1174408	717.1339682	717.9343674	space	0.8071047	None	717.9349748	718.63401	718.9349797	718.9281852	718.9284865	718.9349797	718.9349797	718.9349797	721.2192078	700	1	[2.283974699996179]	[2.2839824999973644]	2	1	2025-11-13_17h39.41.075	intentional-binding		2025.1.1	59.94014377	2025-11-13 17h39.50.552214 +0530
0.4	1000	exp	60	0	5	space	1.4475942	None	600	1	[7.380164699992747]	[7.3801788999990094]	5	0	60	7	721.2337926		721.2194209	721.2337926	722.2338078	722.2338078	722.2338078	723.6843432	space	1.4475942	None	723.6847361	724.0838578	724.3874236	724.3797167	724.3800273	724.3874236	724.3874236	724.3874236	731.7680824	600	1	[7.380164699992747]	[7.3801788999990094]	2	1	2025-11-13_17h39.41.075	intentional-binding		2025.1.1	59.94014377	2025-11-13 17h39.50.552214 +0530
0.7	400	unexp	61	1	5	space	1.6692974	None	500	1	[2.083677499991609]	[2.0836887000041315]	5	1	61	2	731.7833989		731.7686176	731.7833989	732.7832475	732.7832475	732.7832475	734.4668156	space	1.6692974	None	734.467268	735.1668483	735.4669434	735.4596509	735.4599578	735.4669434	735.4669434	735.4669434	737.5510114	500	1	[2.083677499991609]	[2.0836887000041315]	2	1	2025-11-13_17h39.41.075	intentional-binding		2025.1.1	59.94014377	2025-11-13 17h39.50.552214 +0530
0.1	400	unexp	62	2	5	space	1.2787196	None	200	1	[2.8614856000058353]	[2.8615009999921313]	5	2	62	0	737.5664129		737.5512704	737.5664129	738.566597	738.566597	738.566597	739.8501994	space	1.2787196	None	739.8506443	739.9496888	740.2551773	740.2488775	740.2492473	740.2551773	740.2551773	740.2551773	743.1171085	200	1	[2.8614856000058353]	[2.8615009999921313]	2	1	2025-11-13_17h39.41.075	intentional-binding		2025.1.1	59.94014377	2025-11-13 17h39.50.552214 +0530
0.7	1000	exp	63	3	5	space	0.9054238	None	500	1	[3.709118800004944]	[3.7091305000067223]	5	3	63	5	743.1326548		743.117403	743.1326548	744.1325772	744.1325772	744.1325772	745.0496103	space	0.9054238	None	745.050049	745.7492383	746.0578764	746.0517615	746.0520731	746.0578764	746.0578764	746.0578764	749.7674712	500	1	[3.709118800004944]	[3.7091305000067223]	2	1	2025-11-13_17h39.41.075	intentional-binding		2025.1.1	59.94014377	2025-11-13 17h39.50.552214 +0530
0.1	1000	exp	64	4	5	space	0.0502255	None	300	1	[3.242716999986442]	[3.242726500000572]	5	4	64	3	749.7825167		749.7678429	749.7825167	750.7826523	750.7826523	750.7826523	750.8493878	space	0.0502255	None	750.8501379	750.9492232	751.2574781	751.2482941	751.2488116	751.2574781	751.2574781	751.2574781	754.5004989	300	1	[3.242716999986442]	[3.242726500000572]	2	1	2025-11-13_17h39.41.075	intentional-binding		2025.1.1	59.94014377	2025-11-13 17h39.50.552214 +0530
0.4	1000	exp	65	5	5	space	469.4835609	None	500	1	[3.6602544999914244]	[3.66026009999041]	5	5	65	10	754.515481		754.5007174	754.515481	755.5155892	755.5155892	755.5155892	1225.009931	space	469.4835609	None	1225.01073	1225.409522	1225.716461	1225.707959	1225.708724	1225.716461	1225.716461	1225.716461	1229.376917	500	1	[3.6602544999914244]	[3.66026009999041]	2	1	2025-11-13_17h39.41.075	intentional-binding		2025.1.1	59.94014377	2025-11-13 17h39.50.552214 +0530
0.4	1000	exp	66	6	5	space	4.1632925	None	678	1	[13.142294700010098]	[13.142299800005276]	5	6	66	4	1229.39343		1229.377092	1229.39343	1230.376316	1230.376316	1230.39277	1234.542534	space	4.1632925	None	1234.542963	1234.942396	1235.250652	1235.243526	1235.243865	1235.250652	1235.250652	1235.250652	1248.393148	678	1	[13.142294700010098]	[13.142299800005276]	2	1	2025-11-13_17h39.41.075	intentional-binding		2025.1.1	59.94014377	2025-11-13 17h39.50.552214 +0530
0.1	1000	exp	67	7	5	space	4.3124707	None	777	1	[5.17673969999305]	[5.176747599994997]	5	7	67	6	1248.408674		1248.393314	1248.408674	1249.408098	1249.408098	1249.408098	1253.725421	space	4.3124707	None	1253.725823	1253.841345	1254.148604	1254.138968	1254.139397	1254.148604	1254.148604	1254.148604	1259.325583	777	1	[5.17673969999305]	[5.176747599994997]	2	1	2025-11-13_17h39.41.075	intentional-binding		2025.1.1	59.94014377	2025-11-13 17h39.50.552214 +0530
0.1	1000	exp	68	8	5	space	6.3180888	None	333	1	[3.8511293000046862]	[3.85114070000418]	5	8	68	9	1259.341356		1259.325756	1259.341356	1260.340907	1260.340907	1260.340907	1266.674407	space	6.3180888	None	1266.674822	1266.774059	1267.074455	1267.067927	1267.068217	1267.074455	1267.074455	1267.074455	1270.925931	333	1	[3.8511293000046862]	[3.85114070000418]	2	1	2025-11-13_17h39.41.075	intentional-binding		2025.1.1	59.94014377	2025-11-13 17h39.50.552214 +0530
0.4	400	unexp	69	9	5	space	0.100621	None	544	1	[4.884018800003105]	[4.884024300001329]	5	9	69	1	1270.940913		1270.92619	1270.940913	1271.94031	1271.94031	1271.94031	1272.057834	space	0.100621	None	1272.058362	1272.457015	1272.757453	1272.750087	1272.750374	1272.757453	1272.757453	1272.757453	1277.641682	544	1	[4.884018800003105]	[4.884024300001329]	2	1	2025-11-13_17h39.41.075	intentional-binding		2025.1.1	59.94014377	2025-11-13 17h39.50.552214 +0530
0.7	1000	exp	70	10	5	space	0.0054515	None	222	1	[7.276898500000243]	[7.276918100003968]	5	10	70	11	1277.657266		1277.641838	1277.657266	1278.656758	1278.656758	1278.656758	1278.673916	space	0.0054515	None	1278.674469	1279.373332	1279.681314	1279.672555	1279.673066	1279.681314	1279.681314	1279.681314	1286.958772	222	1	[7.276898500000243]	[7.276918100003968]	2	1	2025-11-13_17h39.41.075	intentional-binding		2025.1.1	59.94014377	2025-11-13 17h39.50.552214 +0530
0.7	1000	exp	71	11	5	space	1.9282161	None	765	1	[4.874107700001332]	[4.8741195000038715]	5	11	71	8	1286.973138		1286.959283	1286.973138	1287.973348	1287.973348	1287.973348	1289.906765	space	1.9282161	None	1289.907674	1290.606095	1290.916061	1290.901937	1290.902542	1290.916061	1290.916061	1290.916061	1295.790561	765	1	[4.874107700001332]	[4.8741195000038715]	2	1	2025-11-13_17h39.41.075	intentional-binding		2025.1.1	59.94014377	2025-11-13 17h39.50.552214 +0530
0.1	1000	exp	72	0	6	space	2.3702451	None	222	1	[5.02489329999662]	[5.02489990000322]	6	0	72	9	1295.805856		1295.790884	1295.805856	1296.805792	1296.805792	1296.805792	1299.189758	space	2.3702451	None	1299.190329	1299.289159	1299.597957	1299.590907	1299.59124	1299.597957	1299.597957	1299.597957	1304.623085	222	1	[5.02489329999662]	[5.02489990000322]	2	1	2025-11-13_17h39.41.075	intentional-binding		2025.1.1	59.94014377	2025-11-13 17h39.50.552214 +0530
0.7	1000	exp	73	1	6	space	26.468373	None	543	1	[4.49370849999832]	[4.493713499992737]	6	1	73	11	1304.638993		1304.623287	1304.638993	1305.638693	1305.638693	1305.638693	1332.121517	space	26.468373	None	1332.12195	1332.82092	1333.12847	1333.122313	1333.122659	1333.12847	1333.12847	1333.12847	1337.622365	543	1	[4.49370849999832]	[4.493713499992737]	2	1	2025-11-13_17h39.41.075	intentional-binding		2025.1.1	59.94014377	2025-11-13 17h39.50.552214 +0530
0.7	400	unexp	74	2	6	space	6.3167777	None	667	1	[6.27481099999568]	[6.274817400000757]	6	2	74	2	1337.637319		1337.622516	1337.637319	1338.637566	1338.637566	1338.637566	1344.970705	space	6.3167777	None	1344.971241	1345.670111	1345.979475	1345.972484	1345.972877	1345.979475	1345.979475	1345.979475	1352.254606	667	1	[6.27481099999568]	[6.274817400000757]	2	1	2025-11-13_17h39.41.075	intentional-binding		2025.1.1	59.94014377	2025-11-13 17h39.50.552214 +0530
0.7	1000	exp	75	3	6	space	0.8828348	None	666	1	[3.2814357000024756]	[3.2814428999990923]	6	3	75	5	1352.270582		1352.254841	1352.270582	1353.269981	1353.269981	1353.269981	1354.153835	space	0.8828348	None	1354.154273	1354.853147	1355.155944	1355.149084	1355.149466	1355.155944	1355.155944	1355.155944	1358.437642	666	1	[3.2814357000024756]	[3.2814428999990923]	2	1	2025-11-13_17h39.41.075	intentional-binding		2025.1.1	59.94014377	2025-11-13 17h39.50.552214 +0530
0.7	1000	exp	76	4	6	space	0.8516718	None	444	1	[4.2262564999982715]	[4.226265800010879]	6	4	76	8	1358.453276		1358.437816	1358.453276	1359.453311	1359.453311	1359.453311	1360.320045	space	0.8516718	None	1360.320665	1361.019593	1361.327504	1361.320072	1361.320514	1361.327504	1361.327504	1361.327504	1365.554052	444	1	[4.2262564999982715]	[4.226265800010879]	2	1	2025-11-13_17h39.41.075	intentional-binding		2025.1.1	59.94014377	2025-11-13 17h39.50.552214 +0530
0.1	1000	exp	77	5	6	space	2.1196977	None	112	1	[4.896994499998982]	[4.8970135999989]	6	5	77	6	1365.569571		1365.554292	1365.569571	1366.569112	1366.569112	1366.569112	1368.70306	space	2.1196977	None	1368.70356	1368.802601	1369.106503	1369.099505	1369.099797	1369.106503	1369.106503	1369.106503	1374.00421	112	1	[4.896994499998982]	[4.8970135999989]	2	1	2025-11-13_17h39.41.075	intentional-binding		2025.1.1	59.94014377	2025-11-13 17h39.50.552214 +0530
0.4	1000	exp	78	6	6	space	2.8495356	None	222	1	[6.516499000004842]	[6.51650929999596]	6	6	78	7	1374.018795		1374.004742	1374.018795	1375.018813	1375.018813	1375.018813	1377.869844	space	2.8495356	None	1377.870306	1378.285582	1378.585941	1378.578735	1378.579025	1378.585941	1378.585941	1378.585941	1385.102818	222	1	[6.516499000004842]	[6.51650929999596]	2	1	2025-11-13_17h39.41.075	intentional-binding		2025.1.1	59.94014377	2025-11-13 17h39.50.552214 +0530
0.4	400	unexp	79	7	6	space	2.3463321	None	345	1	[3.7769305999972858]	[3.7769407000014326]	6	7	79	1	1385.118141		1385.103095	1385.118141	1386.11831	1386.11831	1386.11831	1388.46887	space	2.3463321	None	1388.469294	1388.868539	1389.175019	1389.168967	1389.169412	1389.175019	1389.175019	1389.175019	1392.952308	345	1	[3.7769305999972858]	[3.7769407000014326]	2	1	2025-11-13_17h39.41.075	intentional-binding		2025.1.1	59.94014377	2025-11-13 17h39.50.552214 +0530
0.1	1000	exp	80	8	6	space	31.3264452	None	234	1	[3.9568725999997696]	[3.956878199998755]	6	8	80	3	1392.967845		1392.95256	1392.967845	1393.967703	1393.967703	1393.967703	1425.30016	space	31.3264452	None	1425.300633	1425.399639	1425.710474	1425.703256	1425.703628	1425.710474	1425.710474	1425.710474	1429.667549	234	1	[3.9568725999997696]	[3.956878199998755]	2	1	2025-11-13_17h39.41.075	intentional-binding		2025.1.1	59.94014377	2025-11-13 17h39.50.552214 +0530
0.4	1000	exp	81	9	6	space	3.4058186	None	345	1	[2.9428437999886228]	[2.942853499989724]	6	9	81	4	1429.683284		1429.667751	1429.683284	1430.683056	1430.683056	1430.683056	1434.099707	space	3.4058186	None	1434.100284	1434.499154	1434.807959	1434.800971	1434.801368	1434.807959	1434.807959	1434.807959	1437.751139	345	1	[2.9428437999886228]	[2.942853499989724]	2	1	2025-11-13_17h39.41.075	intentional-binding		2025.1.1	59.94014377	2025-11-13 17h39.50.552214 +0530
0.4	1000	exp	82	10	6	space	1.0796903	None	188	1	[5.158656899991911]	[5.1587343999999575]	6	10	82	10	1437.766057		1437.751388	1437.766057	1438.766239	1438.766239	1438.766239	1439.849953	space	1.0796903	None	1439.850545	1440.265253	1440.574261	1440.568313	1440.568606	1440.574261	1440.574261	1440.574261	1445.733248	188	1	[5.158656899991911]	[5.1587343999999575]	2	1	2025-11-13_17h39.41.075	intentional-binding		2025.1.1	59.94014377	2025-11-13 17h39.50.552214 +0530
0.1	400	unexp	83	11	6	space	1.3828914	None	234	1	[13.364131800000905]	[13.364139199999045]	6	11	83	0	1445.748905		1445.733398	1445.748905	1446.731986	1446.731986	1446.748432	1448.116026	space	1.3828914	None	1448.1168	1448.215232	1448.518176	1448.508745	1448.50916	1448.518176	1448.518176	1448.518176	1461.882575	234	1	[13.364131800000905]	[13.364139199999045]	2	1	2025-11-13_17h39.41.075	intentional-binding		2025.1.1	59.94014377	2025-11-13 17h39.50.552214 +0530
0.7	1000	exp	84	0	7	space	0.5882122	None	465	1	[3.258169900000212]	[3.258177500014426]	7	0	84	11	1461.897713		1461.882773	1461.897713	1462.897693	1462.897693	1462.897693	1463.49837	space	0.5882122	None	1463.498967	1464.197736	1464.506903	1464.49995	1464.500531	1464.506903	1464.506903	1464.506903	1467.765364	465	1	[3.258169900000212]	[3.258177500014426]	2	1	2025-11-13_17h39.41.075	intentional-binding		2025.1.1	59.94014377	2025-11-13 17h39.50.552214 +0530
0.7	1000	exp	85	1	7	space	0.6488381	None	255	1	[4.307847100004437]	[4.307858100000885]	7	1	85	8	1467.780846		1467.765573	1467.780846	1468.780866	1468.780866	1468.780866	1469.431418	space	0.6488381	None	1469.432392	1470.130846	1470.439833	1470.433418	1470.433731	1470.439833	1470.439833	1470.439833	1474.748062	255	1	[4.307847100004437]	[4.307858100000885]	2	1	2025-11-13_17h39.41.075	intentional-binding		2025.1.1	59.94014377	2025-11-13 17h39.50.552214 +0530
0.7	1000	exp	86	2	7	space	0.5194656	None	222	1	[3.6282722000032663]	[3.628282700010459]	7	2	86	5	1474.763834		1474.748389	1474.763834	1475.747149	1475.747149	1475.763762	1476.280844	space	0.5194656	None	1476.281449	1476.980414	1477.286154	1477.280124	1477.280409	1477.286154	1477.286154	1477.286154	1480.914795	222	1	[3.6282722000032663]	[3.628282700010459]	2	1	2025-11-13_17h39.41.075	intentional-binding		2025.1.1	59.94014377	2025-11-13 17h39.50.552214 +0530
0.4	1000	exp	87	3	7	space	1.887659	None	166	1	[5.09165080000821]	[5.091664899999159]	7	3	87	10	1480.930199		1480.915194	1480.930199	1481.930127	1481.930127	1481.930127	1483.830565	space	1.887659	None	1483.830979	1484.230304	1484.539672	1484.533307	1484.533598	1484.539672	1484.539672	1484.539672	1489.631838	166	1	[5.09165080000821]	[5.091664899999159]	2	1	2025-11-13_17h39.41.075	intentional-binding		2025.1.1	59.94014377	2025-11-13 17h39.50.552214 +0530
0.7	400	unexp	88	4	7	space	1.4684058	None	366	1	[4.059435299990582]	[4.059445199993206]	7	4	88	2	1489.646331		1489.632195	1489.646331	1490.646579	1490.646579	1490.646579	1492.130611	space	1.4684058	None	1492.131152	1492.8297	1493.137208	1493.131387	1493.131691	1493.137208	1493.137208	1493.137208	1497.196995	366	1	[4.059435299990582]	[4.059445199993206]	2	1	2025-11-13_17h39.41.075	intentional-binding		2025.1.1	59.94014377	2025-11-13 17h39.50.552214 +0530
0.1	1000	exp	89	5	7	space	796.252345	None	230	1	[4.391427599999588]	[4.39144259999739]	7	5	89	3	1497.212713		1497.197316	1497.212713	1498.196026	1498.196026	1498.21274	2294.458065	space	796.252345	None	2294.458704	2294.557393	2294.867273	2294.860508	2294.860814	2294.867273	2294.867273	2294.867273	2299.259196	230	1	[4.391427599999588]	[4.39144259999739]	2	1	2025-11-13_17h39.41.075	intentional-binding		2025.1.1	59.94014377	2025-11-13 17h39.50.552214 +0530
0.4	1000	exp	90	6	7	space	4.4761601	None	350	1	[4.430709599997499]	[4.430723999990732]	7	6	90	7	2299.273719		2299.259843	2299.273719	2300.274066	2300.274066	2300.274066	2304.757109	space	4.4761601	None	2304.757633	2305.156834	2305.46049	2305.452867	2305.4532	2305.46049	2305.46049	2305.46049	2309.891811	350	1	[4.430709599997499]	[4.430723999990732]	2	1	2025-11-13_17h39.41.075	intentional-binding		2025.1.1	59.94014377	2025-11-13 17h39.50.552214 +0530
0.1	1000	exp	91	7	7	space	188.1410295	None	266	1	[3.4452558000048157]	[3.445261600005324]	7	7	91	9	2309.90652		2309.892283	2309.90652	2310.906617	2310.906617	2310.906617	2499.048555	space	188.1410295	None	2499.049579	2499.164011	2499.469936	2499.457494	2499.458107	2499.469936	2499.469936	2499.469936	2502.915411	266	1	[3.4452558000048157]	[3.445261600005324]	2	1	2025-11-13_17h39.41.075	intentional-binding		2025.1.1	59.94014377	2025-11-13 17h39.50.552214 +0530
0.4	1000	exp	92	8	7	space	0.0246818	None	281	1	[4.410773599985987]	[4.4107884999975795]	7	8	92	4	2502.930731		2502.915581	2502.930731	2503.930844	2503.930844	2503.930844	2503.964545	space	0.0246818	None	2503.965201	2504.364178	2504.670913	2504.662106	2504.662456	2504.670913	2504.670913	2504.670913	2509.081901	281	1	[4.410773599985987]	[4.4107884999975795]	2	1	2025-11-13_17h39.41.075	intentional-binding		2025.1.1	59.94014377	2025-11-13 17h39.50.552214 +0530
0.1	400	unexp	93	9	7	space	0.374041	None	344	1	[3.6465256000083173]	[3.6465362000017194]	7	9	93	0	2509.097247		2509.082067	2509.097247	2510.097115	2510.097115	2510.097115	2510.481163	space	0.374041	None	2510.481554	2510.580255	2510.884685	2510.877924	2510.878271	2510.884685	2510.884685	2510.884685	2514.531546	344	1	[3.6465256000083173]	[3.6465362000017194]	2	1	2025-11-13_17h39.41.075	intentional-binding		2025.1.1	59.94014377	2025-11-13 17h39.50.552214 +0530
0.4	400	unexp	94	10	7	space	0.6548384	None	276	1	[2.298197700001765]	[2.298202799996943]	7	10	94	1	2514.546873		2514.531833	2514.546873	2515.546621	2515.546621	2515.546621	2516.213497	space	0.6548384	None	2516.214133	2516.613285	2516.915966	2516.908817	2516.909143	2516.915966	2516.915966	2516.915966	2519.214377	276	1	[2.298197700001765]	[2.298202799996943]	2	1	2025-11-13_17h39.41.075	intentional-binding		2025.1.1	59.94014377	2025-11-13 17h39.50.552214 +0530
0.1	1000	exp	95	11	7	space	0.3180675	None	222	1	[3.015326000007917]	[3.0153483000030974]	7	11	95	6	2519.230107		2519.214553	2519.230107	2520.229908	2520.229908	2520.229908	2520.563584	space	0.3180675	None	2520.564206	2520.662854	2520.965475	2520.958803	2520.959088	2520.965475	2520.965475	2520.965475	2523.981116	222	1	[3.015326000007917]	[3.0153483000030974]	2	1	2025-11-13_17h39.41.075	intentional-binding		2025.1.1	59.94014377	2025-11-13 17h39.50.552214 +0530
0.7	1000	exp	96	0	8	space	0.3755017	None	473	1	[2.369044800012489]	[2.369062000012491]	8	0	96	8	2523.99649		2523.981359	2523.99649	2524.995996	2524.995996	2524.995996	2525.379749	space	0.3755017	None	2525.380473	2526.079759	2526.394508	2526.381103	2526.381747	2526.394508	2526.394508	2526.394508	2528.763889	473	1	[2.369044800012489]	[2.369062000012491]	2	1	2025-11-13_17h39.41.075	intentional-binding		2025.1.1	59.94014377	2025-11-13 17h39.50.552214 +0530
0.1	400	unexp	97	1	8	space	1.3003736	None	544	1	[4.227952500004903]	[4.22796260000905]	8	1	97	0	2528.779618		2528.764059	2528.779618	2529.779584	2529.779584	2529.779584	2531.096083	space	1.3003736	None	2531.096558	2531.195741	2531.501965	2531.494053	2531.49447	2531.501965	2531.501965	2531.501965	2535.730316	544	1	[4.227952500004903]	[4.22796260000905]	2	1	2025-11-13_17h39.41.075	intentional-binding		2025.1.1	59.94014377	2025-11-13 17h39.50.552214 +0530
0.1	1000	exp	98	2	8	space	42.0040174	None	337	1	[3.4626509999943664]	[3.462660400007735]	8	2	98	6	2535.745556		2535.730652	2535.745556	2536.745957	2536.745957	2536.745957	2578.760724	space	42.0040174	None	2578.761103	2578.860465	2579.165188	2579.158647	2579.159149	2579.165188	2579.165188	2579.165188	2582.62816	337	1	[3.4626509999943664]	[3.462660400007735]	2	1	2025-11-13_17h39.41.075	intentional-binding		2025.1.1	59.94014377	2025-11-13 17h39.50.552214 +0530
0.1	1000	exp	99	3	8	space	0.4750249	None	234	1	[3.1935166000039317]	[3.193525100010447]	8	3	99	3	2582.643574		2582.628424	2582.643574	2583.643524	2583.643524	2583.643524	2584.127295	space	0.4750249	None	2584.127892	2584.243512	2584.550592	2584.541937	2584.542813	2584.550592	2584.550592	2584.550592	2587.744403	234	1	[3.1935166000039317]	[3.193525100010447]	2	1	2025-11-13_17h39.41.075	intentional-binding		2025.1.1	59.94014377	2025-11-13 17h39.50.552214 +0530
0.4	1000	exp	100	4	8	space	1.6448939	None	567	1	[3.6661351999937324]	[3.6661401000019396]	8	4	100	10	2587.760146		2587.744622	2587.760146	2588.759475	2588.759475	2588.759475	2590.410097	space	1.6448939	None	2590.410791	2590.809806	2591.127566	2591.110845	2591.11142	2591.127566	2591.127566	2591.127566	2594.793926	567	1	[3.6661351999937324]	[3.6661401000019396]	2	1	2025-11-13_17h39.41.075	intentional-binding		2025.1.1	59.94014377	2025-11-13 17h39.50.552214 +0530
0.7	400	unexp	101	5	8	space	0.5807938	None	678	1	[2.0130341999902157]	[2.0130432000005385]	8	5	101	2	2594.809899		2594.79408	2594.809899	2595.809458	2595.809458	2595.809458	2596.393124	space	0.5807938	None	2596.393763	2597.092471	2597.397305	2597.389021	2597.389464	2597.397305	2597.397305	2597.397305	2599.410634	678	1	[2.0130341999902157]	[2.0130432000005385]	2	1	2025-11-13_17h39.41.075	intentional-binding		2025.1.1	59.94014377	2025-11-13 17h39.50.552214 +0530
0.4	400	unexp	102	6	8	space	12.3261141	None	678	1	[3.275741300007212]	[3.2757489000068745]	8	6	102	1	2599.426306		2599.410862	2599.426306	2600.425841	2600.425841	2600.425841	2612.759284	space	12.3261141	None	2612.7597	2613.158595	2613.46734	2613.460861	2613.461252	2613.46734	2613.46734	2613.46734	2616.743385	678	1	[3.275741300007212]	[3.2757489000068745]	2	1	2025-11-13_17h39.41.075	intentional-binding		2025.1.1	59.94014377	2025-11-13 17h39.50.552214 +0530
0.1	1000	exp	103	7	8	space	0.8896354	None	123	1	[4.742775100006838]	[4.742781799999648]	8	7	103	9	2616.758644		2616.743618	2616.758644	2617.758386	2617.758386	2617.758386	2618.658925	space	0.8896354	None	2618.659474	2618.758198	2619.06619	2619.058858	2619.059274	2619.06619	2619.06619	2619.06619	2623.809177	123	1	[4.742775100006838]	[4.742781799999648]	2	1	2025-11-13_17h39.41.075	intentional-binding		2025.1.1	59.94014377	2025-11-13 17h39.50.552214 +0530
0.7	1000	exp	104	8	8	space	0.5386057	None	345	1	[1.8960670999949798]	[1.8960717999871122]	8	8	104	5	2623.824856		2623.809412	2623.824856	2624.808082	2624.808082	2624.825023	2625.35852	space	0.5386057	None	2625.359323	2626.057746	2626.36272	2626.355632	2626.355978	2626.36272	2626.36272	2626.36272	2628.259004	345	1	[1.8960670999949798]	[1.8960717999871122]	2	1	2025-11-13_17h39.41.075	intentional-binding		2025.1.1	59.94014377	2025-11-13 17h39.50.552214 +0530
0.7	1000	exp	105	9	8	space	0.8594267	None	677	1	[4.241970000002766]	[4.24198280001292]	8	9	105	11	2628.27484		2628.25916	2628.27484	2629.27432	2629.27432	2629.27432	2630.141687	space	0.8594267	None	2630.142529	2630.840925	2631.149388	2631.143344	2631.143641	2631.149388	2631.149388	2631.149388	2635.391738	677	1	[4.241970000002766]	[4.24198280001292]	2	1	2025-11-13_17h39.41.075	intentional-binding		2025.1.1	59.94014377	2025-11-13 17h39.50.552214 +0530
0.4	1000	exp	106	10	8	space	1.106955	None	786	1	[3.293909400003031]	[3.2939217000093777]	8	10	106	4	2635.407538		2635.392088	2635.407538	2636.407469	2636.407469	2636.407469	2637.525019	space	1.106955	None	2637.525984	2637.940568	2638.247778	2638.239886	2638.240271	2638.247778	2638.247778	2638.247778	2641.542024	786	1	[3.293909400003031]	[3.2939217000093777]	2	1	2025-11-13_17h39.41.075	intentional-binding		2025.1.1	59.94014377	2025-11-13 17h39.50.552214 +0530
0.4	1000	exp	107	11	8	space	3.38073	None	456	1	[2.9904237000009743]	[2.9904319000052055]	8	11	107	7	2641.557003		2641.542271	2641.557003	2642.55719	2642.55719	2642.55719	2645.940897	space	3.38073	None	2645.941271	2646.34044	2646.650417	2646.642086	2646.642483	2646.650417	2646.650417	2646.650417	2649.641086	456	1	[2.9904237000009743]	[2.9904319000052055]	2	1	2025-11-13_17h39.41.075	intentional-binding		2025.1.1	59.94014377	2025-11-13 17h39.50.552214 +0530
0.1	1000	exp	108	0	9	space	4.5258828	None	456	1	[2.814690100000007]	[2.8146959000005154]	9	0	108	9	2649.656826		2649.641289	2649.656826	2650.640052	2650.640052	2650.656701	2655.173853	space	4.5258828	None	2655.174313	2655.273231	2655.576029	2655.568913	2655.569198	2655.576029	2655.576029	2655.576029	2658.39093	456	1	[2.814690100000007]	[2.8146959000005154]	2	1	2025-11-13_17h39.41.075	intentional-binding		2025.1.1	59.94014377	2025-11-13 17h39.50.552214 +0530
0.4	1000	exp	109	1	9	space	1.6737142	None	789	1	[1.7074368000030518]	[1.70744260000356]	9	1	109	10	2658.406594		2658.391175	2658.406594	2659.40662	2659.40662	2659.40662	2661.090082	space	1.6737142	None	2661.090674	2661.489415	2661.799567	2661.791008	2661.791448	2661.799567	2661.799567	2661.799567	2663.507192	789	1	[1.7074368000030518]	[1.70744260000356]	2	1	2025-11-13_17h39.41.075	intentional-binding		2025.1.1	59.94014377	2025-11-13 17h39.50.552214 +0530
																																																
								unexp	457.4981949																																							
								exp	466.5652174																																							
																																																
								difference	-9.067022445																																							
